OP,Overall,Player (Bye),Sleeper,FFPC,AVG,Real-Time
1,1,Jahmyr Gibbs   DET (6),1,1,1.0,2  -1
2,19,Josh Allen   BUF (7),3,2,2.5,1  +1
3,2,Bijan Robinson   ATL (11),2,3,2.5,3
4,3,Ja'Marr Chase   CIN (6),4,4,4.0,4
5,4,Puka Nacua   LAR (11),5,6,5.5,6  -1
6,37,Lamar Jackson   BAL (13),9,5,7.0,7  -1
7,7,Jaxon Smith-Njigba   SEA (11),6,9,7.5,12  -5
8,5,Christian McCaffrey   SF (8),7,8,7.5,8
9,52,Drake Maye   NE (11),11,7,9.0,23  -14
10,6,Jonathan Taylor   IND (13),8,11,9.5,5  +5
11,8,Amon-Ra St. Brown   DET (6),10,13,11.5,9  +2
12,9,James Cook III   BUF (7),12,15,13.5,10  +2
13,53,Joe Burrow   CIN (6),14,14,14.0,13
14,22,Brock Bowers   LV (13),21,10,15.5,26  -12
15,62,Jayden Daniels   WAS (7),19,12,15.5,24  -9
16,10,CeeDee Lamb   DAL (14),13,20,16.5,14  +2
17,17,Ashton Jeanty   LV (13),18,16,17.0,25  -8
18,13,Justin Jefferson   MIN (6),15,21,18.0,16  +2
19,25,Trey McBride   ARI (14),20,18,19.0,30  -11
20,12,De'Von Achane   MIA (6),16,26,21.0,22  -2
21,11,Saquon Barkley   PHI (10),17,25,21.0,11  +10
22,61,Jalen Hurts   PHI (10),28,17,22.5,20  +2
23,72,Caleb Williams   CHI (10),26,19,22.5,31  -8
24,15,Omarion Hampton   LAC (7),23,22,22.5,18  +6
25,14,Chase Brown   CIN (6),25,24,24.5,15  +10
26,16,Kenneth Walker III   KC (5),22,29,25.5,17  +9
27,78,Justin Herbert   LAC (7),32,23,27.5,33  -6
28,20,A.J. Brown   NE (11),24,35,29.5,19  +9
29,21,Drake London   ATL (11),27,33,30.0,27  +2
30,18,Derrick Henry   BAL (13),29,31,30.0,21  +9
31,79,Dak Prescott   DAL (14),35,27,31.0,36  -5
32,83,Trevor Lawrence   JAC (7),40,28,34.0,40  -8
33,23,Nico Collins   HOU (8),30,41,35.5,29  +4
34,95,Jaxson Dart   NYG (8),42,30,36.0,53  -19
35,28,Jeremiyah Love   ARI (14),33,39,36.0,37  -2
36,42,Colston Loveland   CHI (10),39,34,36.5,47  -11
37,24,George Pickens   DAL (14),31,44,37.5,28  +9
38,33,Rashee Rice   KC (5),37,42,39.5,38
39,107,Patrick Mahomes II   KC (5),44,36,40.0,54  -15
40,29,Malik Nabers   NYG (8),34,51,42.5,34  +6
41,100,Bo Nix   DEN (10),48,37,42.5,55  -14
42,27,Chris Olave   NO (8),36,50,43.0,35  +7
43,32,Breece Hall   NYJ (13),43,43,43.0,39  +4
44,109,Brock Purdy   SF (8),55,32,43.5,50  -6
45,26,Kyren Williams   LAR (11),38,49,43.5,32  +13
46,39,Josh Jacobs   GB (11),41,56,48.5,93  -47
47,102,Matthew Stafford   LAR (11),60,38,49.0,58  -11
48,51,Tyler Warren   IND (13),51,48,49.5,60  -12
49,30,Javonte Williams   DAL (14),47,53,50.0,44  +5
50,122,Jared Goff   DET (6),61,40,50.5,63  -13
51,31,DeVonta Smith   PHI (10),49,54,51.5,41  +10
52,38,Tee Higgins   CIN (6),46,63,54.5,42  +10
53,34,Zay Flowers   BAL (13),50,59,54.5,43  +10
54,36,Cam Skattebo   NYG (8),54,55,54.5,57  -3
55,41,Ladd McConkey   LAC (7),52,60,56.0,49  +6
56,40,Tetairoa McMillan   CAR (5),45,68,56.5,45  +11
57,35,Travis Etienne Jr.   NO (8),58,57,57.5,48  +9
58,43,Emeka Egbuka   TB (10),57,62,59.5,52  +6
59,132,Baker Mayfield   TB (10),73,47,60.0,80  -21
60,44,Garrett Wilson   NYJ (13),56,64,60.0,51  +9
61,134,Jordan Love   GB (11),72,52,62.0,75  -14
62,129,Kyler Murray   MIN (6),82,45,63.5,72  -10
63,48,Bucky Irving   TB (10),53,75,64.0,59  +4
64,46,Jaylen Waddle   DEN (10),59,71,65.0,46  +18
65,45,D'Andre Swift   CHI (10),63,67,65.0,56  +9
66,165,Tyler Shough   NO (8),87,46,66.5,89  -23
67,49,David Montgomery   HOU (8),65,70,67.5,61  +6
68,47,Quinshon Judkins   CLE (11),66,69,67.5,68
69,54,Luther Burden III   CHI (10),64,73,68.5,66  +3
70,59,TreVeyon Henderson   NE (11),67,77,72.0,79  -9
71,58,Davante Adams   LAR (11),62,84,73.0,64  +7
72,57,Bhayshul Tuten   JAC (7),74,72,73.0,69  +3
73,149,Sam Darnold   SEA (11),86,61,73.5,87  -14
74,55,Terry McLaurin   WAS (7),69,78,73.5,65  +9
75,64,Tucker Kraft   GB (11),75,76,75.5,73  +2
76,50,DJ Moore   BUF (7),70,82,76.0,62  +14
77,71,Sam LaPorta   DET (6),68,85,76.5,71  +6
78,68,Harold Fannin Jr.   CLE (11),76,79,77.5,81  -3
79,60,Jameson Williams   DET (6),71,86,78.5,70  +9
80,73,Kyle Pitts Sr.   ATL (11),78,80,79.0,86  -6
81,154,Malik Willis   MIA (6),104,58,81.0,103  -22
82,166,C.J. Stroud   HOU (8),99,65,82.0,100  -18
83,66,Mike Evans   SF (8),77,87,82.0,77  +6
84,56,Jadarian Price   SEA (11),83,83,83.0,67  +17
85,63,Rome Odunze   CHI (10),79,89,84.0,74  +11
86,65,Christian Watson   GB (11),80,88,84.0,78  +8
87,69,Jaylen Warren   PIT (9),84,90,87.0,84  +3
88,176,Daniel Jones   IND (13),110,66,88.0,109  -21
89,75,Carnell Tate   TEN (9),81,95,88.0,83  +6
90,178,Cam Ward   TEN (9),107,74,90.5,124  -34
91,67,Parker Washington   JAC (7),85,101,93.0,76  +15
92,70,Rhamondre Stevenson   NE (11),92,94,93.0,82  +10
93,74,Marvin Harrison Jr.   ARI (14),89,100,94.5,85  +8
94,89,George Kittle   SF (8),97,93,95.0,92  +2
95,80,Brian Thomas Jr.   JAC (7),90,102,96.0,88  +7
96,93,Travis Kelce   KC (5),95,98,96.5,99  -3
97,76,Tony Pollard   TEN (9),96,97,96.5,90  +7
98,84,RJ Harvey   DEN (10),88,107,97.5,104  -6
99,171,Bryce Young   CAR (5),121,81,101.0,126  -27
100,77,Rico Dowdle   PIT (9),100,103,101.5,95  +5
101,82,DK Metcalf   PIT (9),91,113,102.0,91  +10
102,98,Dalton Kincaid   BUF (7),93,111,102.0,101  +1
103,86,Chuba Hubbard   CAR (5),101,106,103.5,107  -4
104,88,Courtland Sutton   DEN (10),94,114,104.0,102  +2
105,99,Isaiah Likely   NYG (8),109,104,106.5,117  -12
106,158,Fernando Mendoza   LV (13),118,96,107.0,135  -29
107,117,Jake Ferguson   DAL (14),106,108,107.0,127  -20
108,81,Jonathon Brooks   CAR (5),111,105,108.0,94  +14
109,115,Jordyn Tyson   NO (8),108,112,110.0,132  -23
110,87,Michael Wilson   ARI (14),98,123,110.5,98  +12
111,85,Chris Godwin Jr.   TB (10),103,120,111.5,96  +15
112,90,J.K. Dobbins   DEN (10),105,118,111.5,105  +7
113,121,Dallas Goedert   PHI (10),119,110,114.5,122  -9
114,91,Blake Corum   LAR (11),113,116,114.5,110  +4
115,92,Alec Pierce   IND (13),114,117,115.5,106  +9
116,120,Mark Andrews   BAL (13),117,115,116.0,130  -14
117,177,Aaron Rodgers   PIT (9),141,92,116.5,143  -26
118,103,Makai Lemon   PHI (10),102,131,116.5,116  +2
119,105,Kenny Gainwell   TB (10),124,109,116.5,121  -2
120,233,Jacoby Brissett   ARI (14),143,91,117.0,137  -17
121,96,Kyle Monangai   CHI (10),112,122,117.0,125  -4
122,101,Quentin Johnston   LAC (7),126,119,122.5,111  +11
123,114,Michael Pittman Jr.   PIT (9),120,126,123.0,118  +5
124,110,Jayden Reed   GB (11),115,132,123.5,108  +16
125,94,Jordan Mason   MIN (6),122,125,123.5,112  +13
126,104,Jordan Addison   MIN (6),116,136,126.0,115  +11
127,111,Josh Downs   IND (13),125,127,126.0,114  +13
128,97,Jacory Croskey-Merritt   WAS (7),127,129,128.0,120  +8
129,119,Rachaad White   WAS (7),136,121,128.5,134  -5
130,240,Geno Smith   NYJ (13),159,99,129.0,145  -15
131,127,Wan'Dale Robinson   TEN (9),128,134,131.0,129  +2
132,123,Aaron Jones Sr.   MIN (6),132,130,131.0,131  +1
133,108,Stefon Diggs   WAS (7),123,143,133.0,113  +20
134,131,Jakobi Meyers   JAC (7),129,137,133.0,133  +1
135,152,Hunter Henry   NE (11),131,138,134.5,149  -14
136,130,Matthew Golden   GB (11),133,140,136.5,128  +8
137,137,Xavier Worthy   KC (5),134,139,136.5,136  +1
138,139,Juwan Johnson   NO (8),146,128,137.0,150  -12
139,125,KC Concepcion   CLE (11),130,145,137.5,123  +16
140,168,Brenton Strange   JAC (7),142,135,138.5,159  -19
141,184,Oronde Gadsden II   LAC (7),140,142,141.0,179  -38
142,142,Chris Rodriguez Jr.   JAC (7),145,141,143.0,139  +3
143,148,Romeo Doubs   NE (11),135,154,144.5,138  +5
144,252,Tua Tagovailoa   ATL (11),166,124,145.0,165  -21
145,140,Tyler Allgeier   ARI (14),138,157,147.5,142  +3
146,169,Chig Okonkwo   WAS (7),163,133,148.0,160  -14
147,160,Khalil Shakir   BUF (7),144,152,148.0,146  +1
148,173,T.J. Hockenson   MIN (6),152,146,149.0,171  -23
149,138,Woody Marks   HOU (8),149,150,149.5,147  +2
150,150,Zach Charbonnet   SEA (11),151,149,150.0,152  -2
151,157,Jalen Coker   CAR (5),147,156,151.5,141  +10
152,136,Deebo Samuel Sr.   SF (8),137,167,152.0,144  +8
153,187,Kenyon Sadiq   NYJ (13),153,151,152.0,184  -31
154,155,Tyrone Tracy Jr.   NYG (8),157,148,152.5,177  -23
155,183,Dalton Schultz   HOU (8),160,147,153.5,163  -8
156,143,Rashid Shaheed   SEA (11),150,160,155.0,148  +8
157,106,De'Zhaun Stribling   SF (8),139,173,156.0,119  +38
158,162,Keaton Mitchell   LAC (7),168,144,156.0,156  +2
159,144,Jonah Coleman   DEN (10),155,163,159.0,151  +8
160,161,Tyjae Spears   TEN (9),164,155,159.5,153  +7
161,196,AJ Barner   SEA (11),167,162,164.5,187  -26
162,153,Alvin Kamara   NO (8),162,168,165.0,157  +5
163,145,Brian Robinson Jr.   ATL (11),154,178,166.0,162  +1
164,179,Denzel Boston   CLE (11),156,176,166.0,155  +9
165,262,Deshaun Watson   CLE (11),180,153,166.5,170  -5
166,151,Isiah Pacheco   DET (6),171,166,168.5,176  -10
167,118,MarShawn Lloyd   GB (11),158,181,169.5,97  +70
168,128,Mike Washington Jr.   LV (13),148,193,170.5,140  +28
169,172,Jalen Nailor   LV (13),165,179,172.0,164  +5
170,182,Terrance Ferguson   LAR (11),184,161,172.5,180  -10
171,207,Dylan Sampson   CLE (11),181,164,172.5,175  -4
172,156,Tank Bigsby   PHI (10),170,175,172.5,158  +14
173,253,Michael Penix Jr.   ATL (11),187,159,173.0,166  +7
174,180,Travis Hunter   JAC (7),169,180,174.5,173  +1
175,254,Kirk Cousins   LV (13),177,172,174.5,168  +7
176,260,Shedeur Sanders   CLE (11),185,165,175.0,183  -7
177,225,Omar Cooper Jr.   NYJ (13),172,186,179.0,189  -12
178,185,Jauan Jennings   MIN (6),173,185,179.0,195  -17
179,258,Gunnar Helm   TEN (9),190,169,179.5,214  -35
180,206,Tre Tucker   LV (13),182,177,179.5,161  +19
181,218,Greg Dulcich   MIA (6),204,158,181.0,196  -15
182,197,Pat Freiermuth   PIT (9),192,171,181.5,244  -62
183,192,Jalen McMillan   TB (10),189,174,181.5,174  +9
184,259,Cade Otton   TB (10),198,170,184.0,222  -38
185,232,Tank Dell   HOU (8),183,189,186.0,205  -20
186,170,Braelon Allen   NYJ (13),194,182,188.0,182  +4
187,217,Malik Washington   MIA (6),179,199,189.0,181  +6
188,175,David Njoku   LAC (7),197,184,190.5,211  -23
189,174,Emmett Johnson   KC (5),186,195,190.5,178  +11
190,167,Kaelon Black   SF (8),176,207,191.5,169  +21
191,221,Jerry Jeudy   CLE (11),195,191,193.0,191
192,147,Ja'Kobi Lane   BAL (13),161,231,196.0,154  +38
193,231,Adonai Mitchell   NYJ (13),201,192,196.5,185  +8
194,159,Keenan Allen   IND (13),175,220,197.5,167  +27
195,215,Dontayvion Wicks   PHI (10),193,209,201.0,190  +5
196,236,Tre' Harris   LAC (7),213,190,201.5,204  -8
197,251,Ryan Flournoy   DAL (14),209,194,201.5,212  -15
198,272,Carson Beck   ARI (14),206,197,201.5,213  -15
199,235,Nicholas Singleton   TEN (9),199,206,202.5,234  -35
200,216,Cyrus Allen   KC (5),174,234,204.0,194  +6
201,280,Evan Engram   DEN (10),226,183,204.5,239  -38
202,203,Kayshon Boutte   HOU (8),188,221,204.5,172  +30
203,222,Ray Davis   BUF (7),208,203,205.5,188  +15
204,224,Caleb Douglas   MIA (6),178,238,208.0,198  +6
205,226,Justice Hill   BAL (13),229,187,208.0,224  -19
206,238,Zachariah Branch   ATL (11),200,216,208.0,235  -29
207,237,Jaydon Blue   PHI (10),216,201,208.5,232  -25
208,211,Isaac TeSlaa   DET (6),211,208,209.5,230  -22
209,313,Mike Gesicki   CIN (6),227,196,211.5,
210,245,Kaytron Allen   WAS (7),225,198,211.5,233  -23
211,244,Kimani Vidal   LAC (7),218,205,211.5,226  -15
212,210,James Conner   ARI (14),202,225,213.5,229  -17
213,282,Colby Parkinson   LAR (11),228,200,214.0,238  -25
214,264,Antonio Williams   WAS (7),214,214,214.0,209  +5
215,219,Malachi Fields   NYG (8),191,241,216.0,197  +18
216,194,Cooper Kupp   SEA (11),207,228,217.5,186  +30
217,290,Eli Stowers   PHI (10),222,213,217.5,
218,227,Calvin Ridley   TEN (9),236,202,219.0,223  -5
219,228,Chris Bell   MIA (6),210,230,220.0,201  +18
220,268,Germie Bernard   PIT (9),223,218,220.5,220
221,257,Sean Tucker   TB (10),238,204,221.0,241  -20
222,246,Pat Bryant   DEN (10),215,229,222.0,202  +20
223,265,Demond Claiborne   MIN (6),234,211,222.5,236  -13
224,307,Darren Waller   CAR (5),203,,203.0,206  +18
225,261,Najee Harris   NYG (8),205,,205.0,193  +32
226,283,Jake Tonges   SF (8),231,217,224.0,237  -11
227,315,Michael Mayer   LV (13),258,210,234.0,
228,312,Rashod Bateman   BAL (13),235,219,227.0,221  +7
229,,Mason Taylor   NYJ (13),232,222,227.0,
230,,Will Howard   PIT (9),212,,212.0,
231,247,Jordan James   SF (8),246,212,229.0,216  +15
232,271,Ted Hurst III   TB (10),230,226,228.0,225  +7
233,269,Devaughn Vele   NO (8),217,,217.0,219  +14
234,,Audric Estime   NO (8),219,,219.0,
235,288,Ty Simpson   LAR (11),220,,220.0,240  -5
236,212,Tyreek Hill,221,,221.0,207  +29
237,297,Samaje Perine   CIN (6),242,224,233.0,200  +37
238,270,George Holani   SEA (11),255,223,239.0,231  +7
239,,Jarquez Hunter,224,,224.0,
240,289,Darnell Mooney   NYG (8),272,227,249.5,248  -8
241,,J.J. McCarthy   MIN (6),237,237,237.0,242  -1
242,,Darnell Washington   PIT (9),253,232,242.5,
243,,Quinn Ewers   JAC (7),233,,233.0,
244,239,Jaylen Wright   MIA (6),250,233,241.5,208  +36
245,,Mac Jones   SF (8),251,235,243.0,227  +18
246,314,Theo Johnson   NYG (8),271,236,253.5,
247,318,Trey Benson   ARI (14),239,,239.0,
248,333,Jaylin Noel   HOU (8),243,239,241.0,210  +38
249,320,Troy Franklin   DEN (10),240,,240.0,250  -1
250,273,Keon Coleman   BUF (7),247,240,243.5,228  +22
251,,Odell Beckham Jr.   NYG (8),241,,241.0,217  +34
252,328,Brandon Aiyuk   SF (8),,242,242.0,
253,266,Kaleb Johnson   GB (11),244,,244.0,218  +35
254,292,Seth McGowan   IND (13),245,,245.0,246  +8
255,,Riley Leonard   IND (13),248,,248.0,
256,,Justin Fields   KC (5),249,,249.0,199  +57
257,,Elijah Arroyo   SEA (11),252,,252.0,
258,,Chimere Dike   TEN (9),254,,254.0,247  +11
259,,Dawson Knox   BUF (7),256,,256.0,
260,,Joe Flacco   CIN (6),257,,257.0,192  +68
261,,Eli Raridon   NE (11),260,,260.0,
262,,Cole Kmet   CHI (10),261,,261.0,
263,,Kendre Miller   NO (8),262,,262.0,
264,308,Tory Horton   SEA (11),263,,263.0,
265,325,Jack Bech   LV (13),264,,264.0,
266,298,Adam Randall   BAL (13),265,,265.0,
267,322,Jahan Dotson   ATL (11),266,,266.0,
268,,Elijah Sarratt   BAL (13),267,,267.0,
269,,Jameis Winston   NYG (8),268,,268.0,249  +20
270,,Andrei Iosivas   CIN (6),269,,269.0,
271,303,Skyler Bell   BUF (7),270,,270.0,
272,,Tyquan Thornton   KC (5),273,,273.0,
273,276,Emanuel Wilson   SEA (11),274,,274.0,
274,,Cade Klubnik   NYJ (13),275,,275.0,
275,,Joe Milton III   DAL (14),276,,276.0,
276,319,LeQuint Allen Jr.   JAC (7),277,,277.0,
277,,DeMario Douglas   NE (11),278,,278.0,
278,,Tyson Bagent   CHI (10),279,,279.0,
279,,Anthony Richardson Sr.   IND (13),280,,280.0,
280,,Elic Ayomanor   TEN (9),281,,281.0,
281,,Darius Slayton   NYG (8),282,,282.0,
282,326,Ollie Gordon II   MIA (6),283,,283.0,