"RK",TIERS,"PLAYER NAME",TEAM,"POS","BYE WEEK","UPSIDE ","BUST ","SOS SEASON","ECR VS. ADP"
"1",1,"Josh Allen",BUF,"QB1","7","5 out of 5","1 out of 5","3 out of 5 stars","+2"
"2",1,"Lamar Jackson",BAL,"QB2","13","4 out of 5","3 out of 5","3 out of 5 stars","+6"
"3",1,"Drake Maye",NE,"QB3","11","5 out of 5","2 out of 5","2 out of 5 stars","+6"
"4",1,"Joe Burrow",CIN,"QB4","6","4 out of 5","3 out of 5","3 out of 5 stars","+9"
"5",1,"Jayden Daniels",WAS,"QB5","7","4 out of 5","4 out of 5","2 out of 5 stars","+9"
"6",1,"Jalen Hurts",PHI,"QB6","10","4 out of 5","3 out of 5","5 out of 5 stars","+17"
"7",1,"Jahmyr Gibbs",DET,"RB1","6","5 out of 5","1 out of 5","5 out of 5 stars","-6"
"8",2,"Ja'Marr Chase",CIN,"WR1","6","5 out of 5","1 out of 5","4 out of 5 stars","-4"
"9",2,"Bijan Robinson",ATL,"RB2","11","5 out of 5","1 out of 5","2 out of 5 stars","-7"
"10",2,"Caleb Williams",CHI,"QB7","10","5 out of 5","2 out of 5","3 out of 5 stars","+11"
"11",2,"Justin Herbert",LAC,"QB8","7","4 out of 5","2 out of 5","2 out of 5 stars","+16"
"12",2,"Puka Nacua",LAR,"WR2","11","5 out of 5","2 out of 5","1 out of 5 stars","-7"
"13",2,"Jaxon Smith-Njigba",SEA,"WR3","11","5 out of 5","2 out of 5","3 out of 5 stars","-7"
"14",2,"Trevor Lawrence",JAC,"QB9","7","5 out of 5","2 out of 5","4 out of 5 stars","+19"
"15",2,"Dak Prescott",DAL,"QB10","14","4 out of 5","2 out of 5","2 out of 5 stars","+16"
"16",2,"Amon-Ra St. Brown",DET,"WR4","6","5 out of 5","1 out of 5","4 out of 5 stars","-5"
"17",2,"Christian McCaffrey",SF,"RB3","8","4 out of 5","4 out of 5","2 out of 5 stars","-10"
"18",2,"Jonathan Taylor",IND,"RB4","13","4 out of 5","3 out of 5","4 out of 5 stars","-8"
"19",3,"CeeDee Lamb",DAL,"WR5","14","4 out of 5","2 out of 5","2 out of 5 stars","-2"
"20",3,"Brock Purdy",SF,"QB11","8","4 out of 5","2 out of 5","1 out of 5 stars","+22"
"21",3,"James Cook III",BUF,"RB5","7","5 out of 5","2 out of 5","2 out of 5 stars","-9"
"22",3,"Justin Jefferson",MIN,"WR6","6","4 out of 5","2 out of 5","5 out of 5 stars","-4"
"23",3,"Jaxson Dart",NYG,"QB12","8","4 out of 5","4 out of 5","4 out of 5 stars","+9"
"24",3,"Bo Nix",DEN,"QB13","10","4 out of 5","2 out of 5","3 out of 5 stars","+17"
"25",3,"Patrick Mahomes II",KC,"QB14","5","2 out of 5","4 out of 5","2 out of 5 stars","+13"
"26",3,"Chase Brown",CIN,"RB6","6","5 out of 5","2 out of 5","2 out of 5 stars","0"
"",3
"27",3,"Drake London",ATL,"WR7","11","4 out of 5","3 out of 5","3 out of 5 stars","+1"
"28",3,"A.J. Brown",NE,"WR8","11","5 out of 5","2 out of 5","2 out of 5 stars","+2"
"29",3,"Matthew Stafford",LAR,"QB15","11","4 out of 5","2 out of 5","3 out of 5 stars","+20"
"30",3,"Saquon Barkley",PHI,"RB7","10","4 out of 5","3 out of 5","4 out of 5 stars","-6"
"31",3,"Jared Goff",DET,"QB16","6","3 out of 5","2 out of 5","5 out of 5 stars","+17"
"32",3,"De'Von Achane",MIA,"RB8","6","4 out of 5","4 out of 5","3 out of 5 stars","-12"
"33",3,"Nico Collins",HOU,"WR9","8","4 out of 5","2 out of 5","3 out of 5 stars","+1"
"34",3,"Brock Bowers",LV,"TE1","13","5 out of 5","2 out of 5","3 out of 5 stars","-19"
"35",3,"Omarion Hampton",LAC,"RB9","7","5 out of 5","2 out of 5","3 out of 5 stars","-13"
"36",4,"Derrick Henry",BAL,"RB10","13","4 out of 5","2 out of 5","3 out of 5 stars","-7"
"37",4,"Kenneth Walker III",KC,"RB11","5","5 out of 5","3 out of 5","3 out of 5 stars","-12"
"38",4,"Kyler Murray",MIN,"QB17","6","4 out of 5","3 out of 5","5 out of 5 stars","+25"
"39",4,"George Pickens",DAL,"WR10","14","4 out of 5","4 out of 5","2 out of 5 stars","-2"
"40",4,"Chris Olave",NO,"WR11","8","4 out of 5","4 out of 5","3 out of 5 stars","0"
"41",4,"Trey McBride",ARI,"TE2","14","4 out of 5","2 out of 5","2 out of 5 stars","-22"
"42",4,"Ashton Jeanty",LV,"RB12","13","4 out of 5","4 out of 5","2 out of 5 stars","-26"
"43",4,"Malik Nabers",NYG,"WR12","8","4 out of 5","4 out of 5","4 out of 5 stars","0"
"44",4,"Baker Mayfield",TB,"QB18","10","3 out of 5","4 out of 5","2 out of 5 stars","+17"
"45",4,"Rashee Rice",KC,"WR13","5","4 out of 5","4 out of 5","2 out of 5 stars","-6"
"46",4,"Jordan Love",GB,"QB19","11","4 out of 5","3 out of 5","4 out of 5 stars","+14"
"47",4,"DeVonta Smith",PHI,"WR14","10","4 out of 5","2 out of 5","4 out of 5 stars","+4"
"48",4,"Tyler Shough",NO,"QB20","8","4 out of 5","2 out of 5","3 out of 5 stars","+16"
"49",4,"Zay Flowers",BAL,"WR15","13","4 out of 5","2 out of 5","4 out of 5 stars","+4"
"50",4,"Kyren Williams",LAR,"RB13","11","4 out of 5","2 out of 5","5 out of 5 stars","-5"
"51",4,"Tee Higgins",CIN,"WR16","6","5 out of 5","2 out of 5","4 out of 5 stars","+1"
"52",4,"Malik Willis",MIA,"QB21","6","4 out of 5","4 out of 5","3 out of 5 stars","+31"
"53",4,"Javonte Williams",DAL,"RB14","14","4 out of 5","4 out of 5","4 out of 5 stars","-3"
"54",4,"Tetairoa McMillan",CAR,"WR17","5","4 out of 5","3 out of 5","2 out of 5 stars","0"
"55",4,"Breece Hall",NYJ,"RB15","13","4 out of 5","4 out of 5","3 out of 5 stars","-11"
"56",5,"Garrett Wilson",NYJ,"WR18","13","4 out of 5","3 out of 5","4 out of 5 stars","+1"
"57",5,"Josh Jacobs",GB,"RB16","11","4 out of 5","3 out of 5","4 out of 5 stars","-11"
"58",5,"Ladd McConkey",LAC,"WR19","7","4 out of 5","4 out of 5","2 out of 5 stars","0"
"59",5,"Jaylen Waddle",DEN,"WR20","10","4 out of 5","3 out of 5","2 out of 5 stars","+6"
"60",5,"Emeka Egbuka",TB,"WR21","10","5 out of 5","3 out of 5","4 out of 5 stars","-1"
"61",5,"Jeremiyah Love",ARI,"RB17","14","5 out of 5","3 out of 5","2 out of 5 stars","-26"
"62",5,"Colston Loveland",CHI,"TE3","10","5 out of 5","2 out of 5","2 out of 5 stars","-26"
"63",5,"C.J. Stroud",HOU,"QB22","8","3 out of 5","4 out of 5","4 out of 5 stars","+18"
"64",5,"Travis Etienne Jr.",NO,"RB18","8","4 out of 5","3 out of 5","3 out of 5 stars","-8"
"65",5,"Terry McLaurin",WAS,"WR22","7","4 out of 5","2 out of 5","2 out of 5 stars","+8"
"66",5,"Sam Darnold",SEA,"QB23","11","2 out of 5","4 out of 5","4 out of 5 stars","+5"
"67",5,"Davante Adams",LAR,"WR23","11","3 out of 5","4 out of 5","1 out of 5 stars","+5"
"68",5,"Cam Ward",TEN,"QB24","9","4 out of 5","4 out of 5","3 out of 5 stars","+19"
"69",5,"D'Andre Swift",CHI,"RB19","10","3 out of 5","3 out of 5","2 out of 5 stars","-1"
"70",5,"Luther Burden III",CHI,"WR24","10","4 out of 5","4 out of 5","3 out of 5 stars","-4"
"71",5,"Daniel Jones",IND,"QB25","13","4 out of 5","4 out of 5","4 out of 5 stars","+19"
"72",5,"Cam Skattebo",NYG,"RB20","8","4 out of 5","4 out of 5","4 out of 5 stars","-17"
"73",5,"Tyler Warren",IND,"TE4","13","5 out of 5","2 out of 5","3 out of 5 stars","-26"
"74",5,"Jameson Williams",DET,"WR25","6","4 out of 5","3 out of 5","4 out of 5 stars","+5"
"75",5,"Bucky Irving",TB,"RB21","10","3 out of 5","4 out of 5","2 out of 5 stars","-13"
"76",5,"Quinshon Judkins",CLE,"RB22","11","4 out of 5","4 out of 5","3 out of 5 stars","-9"
"77",5,"DJ Moore",BUF,"WR26","7","4 out of 5","2 out of 5","4 out of 5 stars","+1"
"78",5,"David Montgomery",HOU,"RB23","8","4 out of 5","2 out of 5","4 out of 5 stars","-8"
"79",5,"Mike Evans",SF,"WR27","8","4 out of 5","3 out of 5","2 out of 5 stars","+3"
"80",5,"Christian Watson",GB,"WR28","11","4 out of 5","4 out of 5","5 out of 5 stars","+4"
"81",5,"Rome Odunze",CHI,"WR29","10","4 out of 5","3 out of 5","3 out of 5 stars","+4"
"82",5,"Bhayshul Tuten",JAC,"RB24","7","4 out of 5","3 out of 5","4 out of 5 stars","-8"
"83",6,"TreVeyon Henderson",NE,"RB25","11","4 out of 5","4 out of 5","2 out of 5 stars","-14"
"84",6,"Bryce Young",CAR,"QB26","5","2 out of 5","4 out of 5","2 out of 5 stars","+11"
"85",6,"Jadarian Price",SEA,"RB26","11","4 out of 5","4 out of 5","4 out of 5 stars","+1"
"86",6,"Parker Washington",JAC,"WR30","7","4 out of 5","3 out of 5","4 out of 5 stars","+7"
"87",6,"Tucker Kraft",GB,"TE5","11","5 out of 5","2 out of 5","2 out of 5 stars","-12"
"88",6,"Carnell Tate",TEN,"WR31","9","4 out of 5","3 out of 5","3 out of 5 stars","0"
"89",6,"Marvin Harrison Jr.",ARI,"WR32","14","4 out of 5","4 out of 5","2 out of 5 stars","+5"
"90",6,"Jacoby Brissett",ARI,"QB27","14","2 out of 5","4 out of 5","2 out of 5 stars","+27"
"",6
"91",6,"Jaylen Warren",PIT,"RB27","9","4 out of 5","4 out of 5","2 out of 5 stars","-2"
"92",6,"Rhamondre Stevenson",NE,"RB28","11","4 out of 5","3 out of 5","2 out of 5 stars","0"
"93",6,"Brian Thomas Jr.",JAC,"WR33","7","3 out of 5","4 out of 5","4 out of 5 stars","-2"
"94",6,"Tony Pollard",TEN,"RB29","9","4 out of 5","2 out of 5","3 out of 5 stars","+3"
"95",6,"DK Metcalf",PIT,"WR34","9","4 out of 5","3 out of 5","3 out of 5 stars","+7"
"96",6,"Harold Fannin Jr.",CLE,"TE6","11","4 out of 5","3 out of 5","3 out of 5 stars","-20"
"97",6,"Sam LaPorta",DET,"TE7","6","4 out of 5","4 out of 5","3 out of 5 stars","-20"
"98",6,"Rico Dowdle",PIT,"RB30","9","4 out of 5","4 out of 5","2 out of 5 stars","+7"
"99",6,"Chris Godwin Jr.",TB,"WR35","10","4 out of 5","3 out of 5","4 out of 5 stars","+20"
"100",6,"Courtland Sutton",DEN,"WR36","10","2 out of 5","4 out of 5","2 out of 5 stars","+6"
"101",6,"Kyle Pitts Sr.",ATL,"TE8","11","4 out of 5","4 out of 5","3 out of 5 stars","-21"
"102",6,"Jonathon Brooks",CAR,"RB31","5","4 out of 5","3 out of 5","1 out of 5 stars","+14"
"103",6,"J.K. Dobbins",DEN,"RB32","10","4 out of 5","4 out of 5","2 out of 5 stars","+8"
"104",6,"Michael Pittman Jr.",PIT,"WR37","9","3 out of 5","3 out of 5","3 out of 5 stars","+20"
"105",6,"Michael Wilson",ARI,"WR38","14","-","-","2 out of 5 stars","+3"
"106",6,"Quentin Johnston",LAC,"WR39","7","4 out of 5","4 out of 5","2 out of 5 stars","+17"
"107",6,"Alec Pierce",IND,"WR40","13","4 out of 5","4 out of 5","4 out of 5 stars","+8"
"108",6,"Blake Corum",LAR,"RB33","11","4 out of 5","4 out of 5","5 out of 5 stars","+6"
"109",6,"Geno Smith",NYJ,"QB28","13","2 out of 5","4 out of 5","4 out of 5 stars","+13"
"110",6,"Chuba Hubbard",CAR,"RB34","5","2 out of 5","4 out of 5","1 out of 5 stars","-7"
"111",6,"Josh Downs",IND,"WR41","13","3 out of 5","4 out of 5","4 out of 5 stars","+14"
"112",6,"George Kittle",SF,"TE9","8","4 out of 5","4 out of 5","3 out of 5 stars","-11"
"113",6,"Wan'Dale Robinson",TEN,"WR42","9","3 out of 5","3 out of 5","3 out of 5 stars","+18"
"114",6,"RJ Harvey",DEN,"RB35","10","2 out of 5","4 out of 5","2 out of 5 stars","-18"
"115",6,"Jacory Croskey-Merritt",WAS,"RB36","7","4 out of 5","4 out of 5","4 out of 5 stars","+19"
"116",6,"Stefon Diggs",WAS,"WR43","7","4 out of 5","2 out of 5","2 out of 5 stars","+21"
"117",7,"Jordan Addison",MIN,"WR44","6","4 out of 5","4 out of 5","5 out of 5 stars","+11"
"118",7,"Travis Kelce",KC,"TE10","5","3 out of 5","3 out of 5","4 out of 5 stars","-18"
"119",7,"Jordan Mason",MIN,"RB37","6","4 out of 5","3 out of 5","4 out of 5 stars","+11"
"120",7,"Kyle Monangai",CHI,"RB38","10","4 out of 5","4 out of 5","2 out of 5 stars","-10"
"121",7,"Kenny Gainwell",TB,"RB39","10","4 out of 5","3 out of 5","2 out of 5 stars","-1"
"122",7,"Jayden Reed",GB,"WR45","11","4 out of 5","4 out of 5","5 out of 5 stars","+4"
"123",7,"Rachaad White",WAS,"RB40","7","4 out of 5","3 out of 5","4 out of 5 stars","+6"
"124",7,"Jakobi Meyers",JAC,"WR46","7","3 out of 5","3 out of 5","4 out of 5 stars","+3"
"125",7,"Makai Lemon",PHI,"WR47","10","4 out of 5","3 out of 5","4 out of 5 stars","-7"
"126",7,"Dalton Kincaid",BUF,"TE11","7","3 out of 5","4 out of 5","3 out of 5 stars","-22"
"127",7,"Aaron Jones Sr.",MIN,"RB41","6","1 out of 5","4 out of 5","4 out of 5 stars","+5"
"128",7,"Dallas Goedert",PHI,"TE12","10","4 out of 5","3 out of 5","4 out of 5 stars","-15"
"129",7,"Aaron Rodgers",PIT,"QB29","9","1 out of 5","4 out of 5","2 out of 5 stars","-8"
"130",7,"Isaiah Likely",NYG,"TE13","8","4 out of 5","4 out of 5","3 out of 5 stars","-21"
"131",7,"Mike Washington Jr.",LV,"RB42","13","3 out of 5","4 out of 5","2 out of 5 stars","+57"
"132",7,"KC Concepcion",CLE,"WR48","11","4 out of 5","3 out of 5","3 out of 5 stars","+9"
"133",7,"Mark Andrews",BAL,"TE14","13","4 out of 5","4 out of 5","4 out of 5 stars","-21"
"134",7,"Xavier Worthy",KC,"WR49","5","4 out of 5","4 out of 5","2 out of 5 stars","+4"
"135",7,"Jordyn Tyson",NO,"WR50","8","3 out of 5","4 out of 5","3 out of 5 stars","-36"
"136",7,"Chris Rodriguez Jr.",JAC,"RB43","7","2 out of 5","4 out of 5","4 out of 5 stars","+11"
"137",7,"Jalen Coker",CAR,"WR51","5","4 out of 5","3 out of 5","2 out of 5 stars","+16"
"138",7,"Matthew Golden",GB,"WR52","11","3 out of 5","4 out of 5","5 out of 5 stars","+2"
"139",7,"Khalil Shakir",BUF,"WR53","7","2 out of 5","4 out of 5","4 out of 5 stars","+6"
"140",7,"Jake Ferguson",DAL,"TE15","14","2 out of 5","4 out of 5","2 out of 5 stars","-33"
"141",7,"Tyler Allgeier",ARI,"RB44","14","3 out of 5","4 out of 5","2 out of 5 stars","+10"
"142",7,"Woody Marks",HOU,"RB45","8","3 out of 5","4 out of 5","4 out of 5 stars","+12"
"143",7,"Romeo Doubs",NE,"WR54","11","4 out of 5","3 out of 5","2 out of 5 stars","+1"
"144",7,"Tyjae Spears",TEN,"RB46","9","3 out of 5","4 out of 5","3 out of 5 stars","+14"
"145",7,"Deebo Samuel Sr.",SF,"WR55","8","4 out of 5","3 out of 5","2 out of 5 stars","+10"
"146",7,"Juwan Johnson",NO,"TE16","8","4 out of 5","2 out of 5","2 out of 5 stars","-7"
"147",7,"Tank Bigsby",PHI,"RB47","10","4 out of 5","3 out of 5","4 out of 5 stars","+30"
"148",7,"Tyrone Tracy Jr.",NYG,"RB48","8","2 out of 5","4 out of 5","4 out of 5 stars","0"
"149",7,"Keaton Mitchell",LAC,"RB49","7","4 out of 5","3 out of 5","3 out of 5 stars","+7"
"150",7,"De'Zhaun Stribling",SF,"WR56","8","3 out of 5","4 out of 5","2 out of 5 stars","+12"
"151",7,"Zach Charbonnet",SEA,"RB50","11","3 out of 5","4 out of 5","4 out of 5 stars","+1"
"152",7,"Hunter Henry",NE,"TE17","11","2 out of 5","4 out of 5","4 out of 5 stars","-17"
"153",7,"Jonah Coleman",DEN,"RB51","10","4 out of 5","4 out of 5","2 out of 5 stars","+10"
"154",7,"Chig Okonkwo",WAS,"TE18","7","4 out of 5","4 out of 5","1 out of 5 stars","-12"
"155",7,"Brenton Strange",JAC,"TE19","7","4 out of 5","3 out of 5","3 out of 5 stars","-19"
"156",8,"Alvin Kamara",NO,"RB52","8","2 out of 5","4 out of 5","3 out of 5 stars","+5"
"157",8,"Dylan Sampson",CLE,"RB53","11","4 out of 5","2 out of 5","3 out of 5 stars","+11"
"158",8,"Denzel Boston",CLE,"WR57","11","4 out of 5","4 out of 5","3 out of 5 stars","+8"
"159",8,"Rashid Shaheed",SEA,"WR58","11","3 out of 5","4 out of 5","3 out of 5 stars","-2"
"160",8,"Adonai Mitchell",NYJ,"WR59","13","4 out of 5","4 out of 5","4 out of 5 stars","+33"
"161",8,"Dalton Schultz",HOU,"TE20","8","4 out of 5","2 out of 5","4 out of 5 stars","-11"
"162",8,"Isiah Pacheco",DET,"RB54","6","3 out of 5","4 out of 5","5 out of 5 stars","+2"
"163",8,"Tre Tucker",LV,"WR60","13","4 out of 5","2 out of 5","2 out of 5 stars","+19"
"164",8,"Brian Robinson Jr.",ATL,"RB55","11","2 out of 5","4 out of 5","2 out of 5 stars","-5"
"165",8,"Jerry Jeudy",CLE,"WR61","11","2 out of 5","4 out of 5","3 out of 5 stars","+21"
"166",8,"Jauan Jennings",MIN,"WR62","6","2 out of 5","4 out of 5","5 out of 5 stars","+5"
"167",8,"Braelon Allen",NYJ,"RB56","13","2 out of 5","4 out of 5","3 out of 5 stars","+22"
"168",8,"Jalen McMillan",TB,"WR63","10","4 out of 5","3 out of 5","4 out of 5 stars","+8"
"169",8,"Fernando Mendoza",LV,"QB30","13","4 out of 5","3 out of 5","1 out of 5 stars","-71"
"170",8,"Tua Tagovailoa",ATL,"QB31","11","2 out of 5","4 out of 5","4 out of 5 stars","-27"
"171",8,"T.J. Hockenson",MIN,"TE21","6","3 out of 5","4 out of 5","4 out of 5 stars","-22"
"172",8,"MarShawn Lloyd",GB,"RB57","11","4 out of 5","4 out of 5","4 out of 5 stars","+15"
"173",8,"AJ Barner",SEA,"TE22","11","4 out of 5","2 out of 5","3 out of 5 stars","-13"
"174",8,"Oronde Gadsden II",LAC,"TE23","7","3 out of 5","4 out of 5","4 out of 5 stars","-41"
"175",8,"Jalen Nailor",LV,"WR64","13","-","-","2 out of 5 stars","-2"
"176",8,"Dontayvion Wicks",PHI,"WR65","10","4 out of 5","4 out of 5","4 out of 5 stars","+31"
"177",8,"Terrance Ferguson",LAR,"TE24","11","4 out of 5","4 out of 5","4 out of 5 stars","+2"
"178",8,"Tre' Harris",LAC,"WR66","7","4 out of 5","2 out of 5","2 out of 5 stars","+13"
"179",8,"Ray Davis",BUF,"RB58","7","4 out of 5","4 out of 5","2 out of 5 stars","+31"
"180",8,"Emmett Johnson",KC,"RB59","5","4 out of 5","4 out of 5","3 out of 5 stars","+5"
"181",8,"Omar Cooper Jr.",NYJ,"WR67","13","4 out of 5","4 out of 5","4 out of 5 stars","-11"
"182",8,"Kenyon Sadiq",NYJ,"TE25","13","3 out of 5","4 out of 5","4 out of 5 stars","-36"
"183",8,"Pat Bryant",DEN,"WR68","10","4 out of 5","4 out of 5","2 out of 5 stars","+38"
"184",8,"Ryan Flournoy",DAL,"WR69","14","4 out of 5","2 out of 5","2 out of 5 stars","+11"
"185",8,"Malik Washington",MIA,"WR70","6","3 out of 5","4 out of 5","3 out of 5 stars","+5"
"186",8,"Sean Tucker",TB,"RB60","10","4 out of 5","4 out of 5","2 out of 5 stars","+29"
"187",8,"Keenan Allen",IND,"WR71","13","3 out of 5","3 out of 5","4 out of 5 stars","+21"
"188",8,"Kayshon Boutte",NE,"WR72","11","3 out of 5","4 out of 5","2 out of 5 stars","+30"
"189",8,"Tank Dell",HOU,"WR73","8","4 out of 5","4 out of 5","3 out of 5 stars","-6"
"190",8,"Gunnar Helm",TEN,"TE26","9","3 out of 5","3 out of 5","3 out of 5 stars","-12"
"191",8,"Nicholas Singleton",TEN,"RB61","9","3 out of 5","4 out of 5","3 out of 5 stars","+7"
"192",8,"Calvin Ridley",TEN,"WR74","9","2 out of 5","4 out of 5","3 out of 5 stars","+22"
"193",8,"Cade Otton",TB,"TE27","10","2 out of 5","4 out of 5","2 out of 5 stars","-13"
"194",8,"Jaylin Noel",HOU,"WR75","8","4 out of 5","4 out of 5","3 out of 5 stars","+54"
"195",8,"Kimani Vidal",LAC,"RB62","7","1 out of 5","4 out of 5","3 out of 5 stars","+16"
"196",8,"Pat Freiermuth",PIT,"TE28","9","3 out of 5","4 out of 5","2 out of 5 stars","-12"
"197",8,"Travis Hunter",JAC,"WR76","7","3 out of 5","4 out of 5","4 out of 5 stars","-23"
"198",8,"Isaac TeSlaa",DET,"WR77","6","3 out of 5","4 out of 5","4 out of 5 stars","+6"
"199",8,"Kaytron Allen",WAS,"RB63","7","3 out of 5","4 out of 5","4 out of 5 stars","0"
"200",9,"Rashod Bateman",BAL,"WR78","13","3 out of 5","4 out of 5","4 out of 5 stars","+32"
"201",9,"Jaydon Blue",DAL,"RB64","14","4 out of 5","4 out of 5","4 out of 5 stars","+4"
"202",9,"James Conner",ARI,"RB65","14","3 out of 5","4 out of 5","2 out of 5 stars","-8"
"203",9,"Darnell Mooney",NYG,"WR79","8","3 out of 5","4 out of 5","4 out of 5 stars","+32"
"204",9,"Emanuel Wilson",SEA,"RB66","11","3 out of 5","4 out of 5","4 out of 5 stars","+60"
"205",9,"Michael Penix Jr.",ATL,"QB32","11","2 out of 5","5 out of 5","4 out of 5 stars","-30"
"206",9,"David Njoku",LAC,"TE29","7","4 out of 5","4 out of 5","4 out of 5 stars","-25"
"207",9,"Cooper Kupp",SEA,"WR80","11","3 out of 5","4 out of 5","3 out of 5 stars","+18"
"208",9,"Troy Franklin",DEN,"WR81","10","1 out of 5","4 out of 5","2 out of 5 stars","+36"
"209",9,"Jaylen Wright",MIA,"RB67","6","-","-","3 out of 5 stars","+34"
"210",9,"Evan Engram",DEN,"TE30","10","-","-","4 out of 5 stars","-1"
"211",9,"Colby Parkinson",LAR,"TE31","11","-","-","4 out of 5 stars","-10"
"212",9,"Kirk Cousins",LV,"QB33","13","3 out of 5","4 out of 5","1 out of 5 stars","-43"
"213",9,"George Holani",SEA,"RB68","11","3 out of 5","4 out of 5","4 out of 5 stars","+25"
"214",9,"Germie Bernard",PIT,"WR82","9","2 out of 5","4 out of 5","3 out of 5 stars","+2"
"215",9,"Ollie Gordon II",MIA,"RB69","6","3 out of 5","4 out of 5","3 out of 5 stars","-"
"216",9,"Deshaun Watson",CLE,"QB34","11","1 out of 5","5 out of 5","4 out of 5 stars","-49"
"217",9,"Jack Bech",LV,"WR83","13","3 out of 5","4 out of 5","2 out of 5 stars","+46"
"218",9,"Justice Hill",BAL,"RB70","13","-","-","3 out of 5 stars","-5"
"219",9,"Zachariah Branch",ATL,"WR84","11","3 out of 5","4 out of 5","3 out of 5 stars","-23"
"220",9,"Malachi Fields",NYG,"WR85","8","4 out of 5","4 out of 5","4 out of 5 stars","+7"
"221",9,"Demond Claiborne",MIN,"RB71","6","3 out of 5","4 out of 5","4 out of 5 stars","-1"
"222",9,"Antonio Williams",WAS,"WR86","7","4 out of 5","2 out of 5","2 out of 5 stars","-22"
"223",9,"Isaiah Davis",NYJ,"RB72","13","2 out of 5","4 out of 5","3 out of 5 stars","-"
"224",9,"Devaughn Vele",NO,"WR87","8","-","-","3 out of 5 stars","+30"
"225",9,"Tory Horton",SEA,"WR88","11","4 out of 5","4 out of 5","3 out of 5 stars","+34"
"226",9,"Samaje Perine",CIN,"RB73","6","1 out of 5","4 out of 5","2 out of 5 stars","+10"
"227",9,"Ted Hurst III",TB,"WR89","10","4 out of 5","4 out of 5","4 out of 5 stars","-1"
"228",9,"Chris Bell",MIA,"WR90","6","4 out of 5","4 out of 5","3 out of 5 stars","+9"
"229",9,"Chris Brooks",GB,"RB74","11","2 out of 5","4 out of 5","4 out of 5 stars","-"
"230",9,"Keon Coleman",BUF,"WR91","7","2 out of 5","4 out of 5","4 out of 5 stars","+21"
"231",9,"Elic Ayomanor",TEN,"WR92","9","1 out of 5","5 out of 5","3 out of 5 stars","+35"
"232",9,"Shedeur Sanders",CLE,"QB35","11","3 out of 5","4 out of 5","4 out of 5 stars","-67"
"233",9,"Chimere Dike",TEN,"WR93","9","1 out of 5","5 out of 5","3 out of 5 stars","+24"
"234",9,"Kaelon Black",SF,"RB75","8","3 out of 5","4 out of 5","2 out of 5 stars","-28"
"235",9,"Najee Harris",NYG,"RB76","8","2 out of 5","4 out of 5","4 out of 5 stars","+17"
"236",9,"Jordan James",SF,"RB77","8","2 out of 5","4 out of 5","2 out of 5 stars","-8"
"237",9,"Ty Johnson",BUF,"RB78","7","-","-","2 out of 5 stars","-"
"238",9,"LeQuint Allen Jr.",JAC,"RB79","7","2 out of 5","4 out of 5","4 out of 5 stars","-"
"239",9,"Ja'Kobi Lane",BAL,"WR94","13","4 out of 5","4 out of 5","4 out of 5 stars","-42"
"240",9,"Mason Taylor",NYJ,"TE32","13","1 out of 5","4 out of 5","4 out of 5 stars","-17"
"241",9,"Tyquan Thornton",KC,"WR95","5","2 out of 5","5 out of 5","2 out of 5 stars","-"
"242",9,"Christian Kirk",SF,"WR96","8","2 out of 5","4 out of 5","2 out of 5 stars","+11"
"243",9,"DJ Giddens",IND,"RB80","13","2 out of 5","4 out of 5","4 out of 5 stars","-"
"244",9,"Elijah Sarratt",BAL,"WR97","13","3 out of 5","4 out of 5","4 out of 5 stars","+17"
"245",9,"Darius Slayton",NYG,"WR98","8","2 out of 5","4 out of 5","4 out of 5 stars","-"
"246",9,"Xavier Legette",CAR,"WR99","5","2 out of 5","4 out of 5","2 out of 5 stars","-"
"247",9,"Greg Dulcich",MIA,"TE33","6","4 out of 5","4 out of 5","5 out of 5 stars","-75"
"248",9,"Theo Johnson",NYG,"TE34","8","1 out of 5","5 out of 5","3 out of 5 stars","-7"
"249",9,"Malik Davis",DAL,"RB81","14","-","-","4 out of 5 stars","-"
"250",9,"Trey Benson",ARI,"RB82","14","2 out of 5","4 out of 5","2 out of 5 stars","-17"
"251",9,"Marvin Mims Jr.",DEN,"WR100","10","3 out of 5","4 out of 5","2 out of 5 stars","-"
"252",9,"Caleb Douglas",MIA,"WR101","6","2 out of 5","4 out of 5","3 out of 5 stars","-2"
"253",9,"Adam Randall",BAL,"RB83","13","3 out of 5","4 out of 5","3 out of 5 stars","+19"
"254",9,"Eli Stowers",PHI,"TE35","10","4 out of 5","4 out of 5","4 out of 5 stars","-52"
"255",9,"Devin Neal",NO,"RB84","8","2 out of 5","4 out of 5","3 out of 5 stars","-"
"256",9,"Kendre Miller",NO,"RB85","8","2 out of 5","4 out of 5","3 out of 5 stars","-27"
"257",9,"Seth McGowan",IND,"RB86","13","4 out of 5","4 out of 5","4 out of 5 stars","+14"
"258",9,"Brashard Smith",KC,"RB87","5","-","-","3 out of 5 stars","-"
"259",9,"Emari Demercado",KC,"RB88","5","1 out of 5","5 out of 5","3 out of 5 stars","-"
"260",9,"Devin Singletary",NYG,"RB89","8","-","-","4 out of 5 stars","-"
"261",9,"Trevor Etienne",CAR,"RB90","5","-","-","1 out of 5 stars","-"
"262",9,"Hollywood Brown",PHI,"WR102","10","-","-","4 out of 5 stars","-"
"263",9,"Kaleb Johnson",PIT,"RB91","9","2 out of 5","5 out of 5","2 out of 5 stars","-"
"264",10,"Mack Hollins",NE,"WR103","11","-","-","2 out of 5 stars","-"
"265",10,"Tahj Brooks",CIN,"RB92","6","-","-","2 out of 5 stars","-"
"266",10,"Cyrus Allen",KC,"WR104","5","4 out of 5","4 out of 5","2 out of 5 stars","-54"
"267",10,"Isaac Guerendo",SF,"RB93","8","-","-","2 out of 5 stars","-"
"268",10,"Mike Gesicki",CIN,"TE36","6","-","-","3 out of 5 stars","-65"
"269",10,"Kyle Williams",NE,"WR105","11","-","-","2 out of 5 stars","-"
"270",10,"Jerome Ford",WAS,"RB94","7","2 out of 5","4 out of 5","4 out of 5 stars","-"
"271",10,"Jarquez Hunter",LAR,"RB95","11","-","-","5 out of 5 stars","-29"
"272",10,"Isaiah Bond",CLE,"WR106","11","-","-","3 out of 5 stars","-"
"273",10,"Jaleel McLaughlin",DEN,"RB96","10","-","-","2 out of 5 stars","-"
"274",10,"Audric Estime",NO,"RB97","8","-","-","3 out of 5 stars","-35"
"275",10,"Skyler Bell",BUF,"WR107","7","-","-","4 out of 5 stars","-10"
"276",10,"Brandon Aiyuk",SF,"WR108","8","2 out of 5","5 out of 5","2 out of 5 stars","-27"
"277",10,"Will Shipley",PHI,"RB98","10","-","-","4 out of 5 stars","-"
"278",10,"Jake Tonges",SF,"TE37","8","-","-","3 out of 5 stars","-59"
"279",10,"Tyreek Hill",FA,"WR109","-","1 out of 5","5 out of 5","-","-55"
"280",10,"Andrei Iosivas",CIN,"WR110","6","-","-","4 out of 5 stars","-"
"281",10,"Darnell Washington",PIT,"TE38","9","-","-","2 out of 5 stars","-41"
"282",10,"Oscar Delp",NO,"TE39","8","4 out of 5","4 out of 5","2 out of 5 stars","-"
"283",10,"Darren Waller",CAR,"TE40","5","-","-","2 out of 5 stars","-37"
"284",10,"Michael Mayer",LV,"TE41","13","-","-","3 out of 5 stars","-54"
"285",10,"Kareem Hunt",FA,"RB99","-","-","-","-","-"
"286",10,"Jahan Dotson",ATL,"WR111","11","-","-","3 out of 5 stars","-"
"287",10,"Joe Mixon",FA,"RB100","-","-","-","-","-"
"288",10,"Elijah Arroyo",SEA,"TE42","11","-","-","3 out of 5 stars","-33"
"289",10,"Jalen Tolbert",MIA,"WR112","6","-","-","3 out of 5 stars","-"
"290",10,"DeMario Douglas",NE,"WR113","11","-","-","2 out of 5 stars","-"
"291",10,"Erick All Jr.",CIN,"TE43","6","-","-","3 out of 5 stars","-"
"292",10,"Eli Raridon",NE,"TE44","11","-","-","4 out of 5 stars","-36"
"293",10,"Cedric Tillman",CLE,"WR114","11","-","-","3 out of 5 stars","-"
"294",10,"Noah Gray",KC,"TE45","5","-","-","4 out of 5 stars","-"
"295",10,"Tyler Higbee",LAR,"TE46","11","-","-","4 out of 5 stars","-"
"296",10,"Bryce Lance",NO,"WR115","8","-","-","3 out of 5 stars","-"
"297",11,"Konata Mumpfield",LAR,"WR116","11","-","-","1 out of 5 stars","-"
"298",11,"Cole Kmet",CHI,"TE47","10","-","-","2 out of 5 stars","-"
"299",11,"Dawson Knox",BUF,"TE48","7","-","-","3 out of 5 stars","-"
"300",11,"Calvin Austin III",NYG,"WR117","8","-","-","4 out of 5 stars","-"
"301",11,"Tez Johnson",TB,"WR118","10","-","-","4 out of 5 stars","-"
"302",11,"Xavier Hutchinson",HOU,"WR119","8","-","-","3 out of 5 stars","-"
"303",11,"Charlie Kolar",LAC,"TE49","7","-","-","4 out of 5 stars","-"
"304",11,"Max Klare",LAR,"TE50","11","-","-","4 out of 5 stars","-"
"305",11,"Luke McCaffrey",WAS,"WR120","7","-","-","2 out of 5 stars","-"
"306",11,"Chris Brazzell II",CAR,"WR121","5","-","-","2 out of 5 stars","-"
"307",11,"Bam Knight",ARI,"RB101","14","-","-","2 out of 5 stars","-"
"308",11,"Jalen Royals",KC,"WR122","5","-","-","2 out of 5 stars","-"
"309",11,"Olamide Zaccheaus",ATL,"WR123","11","-","-","3 out of 5 stars","-"
"310",11,"Joshua Palmer",BUF,"WR124","7","-","-","4 out of 5 stars","-"
"311",11,"Ja'Tavion Sanders",CAR,"TE51","5","-","-","2 out of 5 stars","-"
"312",11,"Brenen Thompson",LAC,"WR125","7","-","-","2 out of 5 stars","-"
"313",11,"Kendrick Bourne",ARI,"WR126","14","-","-","2 out of 5 stars","-"
"314",11,"Eli Heidenreich",PIT,"RB102","9","-","-","2 out of 5 stars","-"
"315",11,"Justin Joly",DEN,"TE52","10","-","-","4 out of 5 stars","-"
"316",11,"Carson Beck",ARI,"QB36","14","-","-","2 out of 5 stars","-124"
"317",11,"Treylon Burks",WAS,"WR127","7","-","-","2 out of 5 stars","-"
"318",11,"Michael Carter",TEN,"RB103","9","-","-","3 out of 5 stars","-"
"319",11,"J.J. McCarthy",MIN,"QB37","6","-","-","5 out of 5 stars","-88"
"320",11,"Dont'e Thornton Jr.",LV,"WR128","13","-","-","2 out of 5 stars","-"
"321",11,"Jawhar Jordan",HOU,"RB104","8","-","-","4 out of 5 stars","-"
"322",11,"Kalif Raymond",CHI,"WR129","10","-","-","3 out of 5 stars","-"
"323",11,"Tommy Tremble",CAR,"TE53","5","-","-","2 out of 5 stars","-"
"324",11,"Kevin Coleman Jr.",MIA,"WR130","6","-","-","3 out of 5 stars","-"
"325",11,"Noah Fant",NO,"TE54","8","-","-","2 out of 5 stars","-"
"326",11,"Roman Wilson",PIT,"WR131","9","-","-","3 out of 5 stars","-"
"327",11,"KaVontae Turpin",DAL,"WR132","14","-","-","2 out of 5 stars","-"
"328",11,"Phil Mafah",DAL,"RB105","14","-","-","4 out of 5 stars","-"
"329",11,"Malik Benson",LV,"WR133","13","-","-","2 out of 5 stars","-"
"330",11,"Raheim Sanders",CLE,"RB106","11","-","-","3 out of 5 stars","-"
"331",11,"J'Mari Taylor",JAC,"RB107","7","-","-","4 out of 5 stars","-"
"332",11,"Jam Miller",NE,"RB108","11","-","-","2 out of 5 stars","-"
"333",11,"Savion Williams",GB,"WR134","11","-","-","5 out of 5 stars","-"
"334",11,"Jaylin Lane",WAS,"WR135","7","-","-","2 out of 5 stars","-"
"335",11,"John Metchie III",CAR,"WR136","5","-","-","2 out of 5 stars","-"
"336",11,"Roschon Johnson",CHI,"RB109","10","-","-","2 out of 5 stars","-"
"337",11,"Demarcus Robinson",SF,"WR137","8","-","-","2 out of 5 stars","-"
"338",11,"Luke Musgrave",GB,"TE55","11","-","-","2 out of 5 stars","-"
"339",11,"Ben Sinnott",WAS,"TE56","7","-","-","1 out of 5 stars","-"
"340",11,"CJ Daniels",LAR,"WR138","11","-","-","1 out of 5 stars","-"
"341",11,"Austin Ekeler",FA,"RB110","-","-","-","-","-"
"342",11,"Jordan Whittington",LAR,"WR139","11","-","-","1 out of 5 stars","-"
"343",11,"Mitchell Evans",CAR,"TE57","5","-","-","2 out of 5 stars","-"
"344",11,"Daniel Bellinger",TEN,"TE58","9","-","-","3 out of 5 stars","-"
"345",11,"Colbie Young",CIN,"WR140","6","-","-","4 out of 5 stars","-"
"346",11,"Nick Westbrook-Ikhine",IND,"WR141","13","-","-","4 out of 5 stars","-"
"347",11,"Devontez Walker",BAL,"WR142","13","-","-","4 out of 5 stars","-"
"348",11,"Austin Hooper",ATL,"TE59","11","-","-","3 out of 5 stars","-"
"349",11,"Rasheen Ali",BAL,"RB111","13","-","-","3 out of 5 stars","-"
"350",11,"Zavion Thomas",CHI,"WR143","10","-","-","3 out of 5 stars","-"
"351",11,"John Bates",WAS,"TE60","7","-","-","1 out of 5 stars","-"
"352",11,"Mac Jones",SF,"QB38","8","-","-","1 out of 5 stars","-107"
"353",11,"Barion Brown",NO,"WR144","8","-","-","3 out of 5 stars","-"
"354",11,"Ashton Dulin",IND,"WR145","13","-","-","4 out of 5 stars","-"
"355",11,"Greg Dortch",DET,"WR146","6","-","-","4 out of 5 stars","-"
"356",11,"Damien Martinez",GB,"RB112","11","-","-","4 out of 5 stars","-"
"357",11,"Kyle Juszczyk",SF,"RB113","8","-","-","2 out of 5 stars","-"
"358",11,"Tutu Atwell",MIA,"WR147","6","-","-","3 out of 5 stars","-"
"359",11,"Ty Simpson",LAR,"QB39","11","-","-","3 out of 5 stars","-137"
"360",11,"Robert Henry Jr.",WAS,"RB114","7","-","-","4 out of 5 stars","-"
"361",12,"Zach Ertz",FA,"TE61","-","-","-","-","-"
"362",12,"Zavier Scott",MIN,"RB115","6","-","-","4 out of 5 stars","-"
"363",12,"Elijah Higgins",ARI,"TE62","14","-","-","2 out of 5 stars","-"
"364",12,"Dameon Pierce",PHI,"RB116","10","-","-","4 out of 5 stars","-"
"365",12,"Will Kacmarek",MIA,"TE63","6","-","-","5 out of 5 stars","-"
"366",12,"Terrell Jennings",FA,"RB117","-","-","-","-","-"
"367",12,"Sione Vaki",DET,"RB118","6","-","-","5 out of 5 stars","-"
"368",12,"Anthony Richardson Sr.",IND,"QB40","13","-","-","4 out of 5 stars","-101"
"369",12,"Justin Fields",KC,"QB41","5","-","-","2 out of 5 stars","-111"
"370",12,"Jameis Winston",NYG,"QB42","8","-","-","4 out of 5 stars","-"
"371",12,"Joe Milton III",DAL,"QB43","14","-","-","2 out of 5 stars","-102"
"372",12,"Tim Patrick",NYJ,"WR148","13","-","-","4 out of 5 stars","-"
"373",12,"Odell Beckham Jr.",NYG,"WR149","8","-","-","4 out of 5 stars","-105"
"374",12,"Khalil Herbert",SF,"RB119","8","-","-","2 out of 5 stars","-"
"375",12,"Tommy Myers",FA,"TE64","-","-","-","-","-"
"376",12,"Tyler Goodson",ATL,"RB120","11","-","-","2 out of 5 stars","-"
"377",12,"Matt Hibner",BAL,"TE65","13","-","-","4 out of 5 stars","-"
"378",12,"Ty Chandler",NO,"RB121","8","-","-","3 out of 5 stars","-"
"379",12,"Antonio Gibson",FA,"RB122","-","-","-","-","-"
"380",12,"Ronnie Rivers",LAR,"RB123","11","-","-","5 out of 5 stars","-"
"381",12,"Jeremy McNichols",WAS,"RB124","7","-","-","4 out of 5 stars","-"
"382",12,"Hunter Luepke",DAL,"RB125","14","-","-","4 out of 5 stars","-"
"383",12,"Tanner Koziol",JAC,"TE66","7","-","-","3 out of 5 stars","-"
"384",12,"Noah Whittington",HOU,"RB126","8","-","-","4 out of 5 stars","-"
"385",12,"Marlin Klein",HOU,"TE67","8","-","-","4 out of 5 stars","-"
"386",12,"Josh Oliver",MIN,"TE68","6","-","-","4 out of 5 stars","-"
"387",12,"Jonnu Smith",FA,"TE69","-","-","-","-","-"
"388",12,"Jeremy Ruckert",NYJ,"TE70","13","-","-","4 out of 5 stars","-"
"389",12,"Dylan Laube",LV,"RB127","13","-","-","2 out of 5 stars","-"
"390",12,"Adam Trautman",DEN,"TE71","10","-","-","4 out of 5 stars","-"
"391",12,"Jackson Hawes",BUF,"TE72","7","-","-","3 out of 5 stars","-"
"392",12,"Mitch Tinsley",CIN,"WR150","6","-","-","4 out of 5 stars","-"
"393",12,"Luke Schoonmaker",DAL,"TE73","14","-","-","2 out of 5 stars","-"
"394",12,"Foster Moreau",HOU,"TE74","8","-","-","4 out of 5 stars","-"
"395",12,"Durham Smythe",BAL,"TE75","13","-","-","4 out of 5 stars","-"
"396",12,"Tai Felton",MIN,"WR151","6","-","-","5 out of 5 stars","-"
"397",12,"Van Jefferson",WAS,"WR152","7","-","-","2 out of 5 stars","-"
"398",12,"Reggie Gilliam",NE,"RB128","11","-","-","2 out of 5 stars","-"
"399",12,"Riley Leonard",IND,"QB44","13","-","-","4 out of 5 stars","-139"
"400",12,"Deion Burks",IND,"WR153","13","-","-","4 out of 5 stars","-"
"401",12,"Isaiah Williams",FA,"WR154","-","-","-","-","-"
"402",12,"Jahdae Walker",CHI,"WR155","10","-","-","3 out of 5 stars","-"
"403",12,"Dyami Brown",WAS,"WR156","7","-","-","2 out of 5 stars","-"
"404",12,"Jacob Cowing",SF,"WR157","8","-","-","2 out of 5 stars","-"
"405",12,"Jimmy Horn Jr.",CAR,"WR158","5","-","-","2 out of 5 stars","-"
"406",12,"KeAndre Lambert-Smith",LAC,"WR159","7","-","-","2 out of 5 stars","-"
"407",12,"Lil'Jordan Humphrey",DEN,"WR160","10","-","-","2 out of 5 stars","-"
"408",12,"Marquez Valdes-Scantling",DAL,"WR161","14","-","-","2 out of 5 stars","-"
"409",12,"Jalen Reagor",MIA,"WR162","6","-","-","3 out of 5 stars","-"
"410",12,"Xavier Restrepo",TEN,"WR163","9","-","-","3 out of 5 stars","-"
"411",12,"Miles Sanders",FA,"RB129","-","-","-","-","-"
"412",12,"Roman Hemby",LV,"RB130","13","-","-","2 out of 5 stars","-"
"413",12,"Sam Roush",CHI,"TE76","10","-","-","2 out of 5 stars","-"
"414",12,"Tyler Conklin",DET,"TE77","6","-","-","3 out of 5 stars","-"
"415",12,"Donovan Edwards",MIA,"RB131","6","-","-","3 out of 5 stars","-"
"416",12,"Jacob Saylors",DET,"RB132","6","-","-","5 out of 5 stars","-"
"417",12,"Jaydn Ott",KC,"RB133","5","-","-","3 out of 5 stars","-"
"418",12,"Frank Gore Jr.",BUF,"RB134","7","-","-","2 out of 5 stars","-"
"419",12,"Jaret Patterson",LAC,"RB135","7","-","-","3 out of 5 stars","-"
"420",12,"Travis Homer",PIT,"RB136","9","-","-","2 out of 5 stars","-"
"421",12,"Mo Alie-Cox",IND,"TE78","13","-","-","3 out of 5 stars","-"
"422",12,"Myles Montgomery",FA,"RB137","-","-","-","-","-"
"423",12,"Josh Cuevas",BAL,"TE79","13","-","-","4 out of 5 stars","-"
"424",12,"Cade Stover",HOU,"TE80","8","-","-","4 out of 5 stars","-"
"425",12,"Nate Boerkircher",JAC,"TE81","7","-","-","3 out of 5 stars","-"
"426",12,"Alec Ingold",LAC,"RB138","7","-","-","3 out of 5 stars","-"
"427",12,"Scotty Miller",CHI,"WR164","10","-","-","3 out of 5 stars","-"
"428",12,"Nate Adkins",DEN,"TE82","10","-","-","4 out of 5 stars","-"
"429",12,"Tanner Hudson",CIN,"TE83","6","-","-","3 out of 5 stars","-"
"430",12,"Elijah Mitchell",FA,"RB139","-","-","-","-","-"
"431",12,"Jake Bobo",SEA,"WR165","11","-","-","3 out of 5 stars","-"
"432",12,"Cedrick Wilson Jr.",DET,"WR166","6","-","-","4 out of 5 stars","-"
"433",12,"Max Bredeson",MIN,"RB140","6","-","-","4 out of 5 stars","-"
"434",12,"Xavier Smith",LAR,"WR167","11","-","-","1 out of 5 stars","-"
"435",12,"Patrick Ricard",NYG,"RB141","8","-","-","4 out of 5 stars","-"
"436",12,"Adam Prentice",DEN,"RB142","10","-","-","2 out of 5 stars","-"
"437",12,"Derius Davis",LAC,"WR168","7","-","-","2 out of 5 stars","-"
"438",12,"Michael Burton",CLE,"RB143","11","-","-","3 out of 5 stars","-"
"439",12,"British Brooks",HOU,"RB144","8","-","-","4 out of 5 stars","-"
"440",12,"Reggie Virgil",ARI,"WR169","14","-","-","2 out of 5 stars","-"
"441",12,"Marcus Mariota",WAS,"QB45","7","-","-","2 out of 5 stars","-"
"442",12,"Noah Brown",LV,"WR170","13","-","-","2 out of 5 stars","-"
"443",12,"Cade Klubnik",NYJ,"QB46","13","-","-","4 out of 5 stars","-181"
"444",12,"Joe Flacco",CIN,"QB47","6","-","-","3 out of 5 stars","-"
"445",12,"Myles Price",MIN,"WR171","6","-","-","5 out of 5 stars","-"
"446",12,"Jalen Brooks",ARI,"WR172","14","-","-","2 out of 5 stars","-"
"447",12,"Brycen Tremayne",CAR,"WR173","5","-","-","2 out of 5 stars","-"
"448",12,"Efton Chism III",NE,"WR174","11","-","-","2 out of 5 stars","-"
"449",12,"Tyrod Taylor",GB,"QB48","11","-","-","4 out of 5 stars","-"
"450",12,"Theo Wease Jr.",MIA,"WR175","6","-","-","3 out of 5 stars","-"
"451",12,"Justin Watson",HOU,"WR176","8","-","-","3 out of 5 stars","-"
"452",12,"Michael Woods II",DEN,"WR177","10","-","-","2 out of 5 stars","-"
"453",12,"Chris Blair",ATL,"WR178","11","-","-","3 out of 5 stars","-"
"454",12,"Taysom Hill",FA,"TE84","-","-","-","-","-"
"455",12,"Tyler Lockett",LV,"WR179","13","-","-","2 out of 5 stars","-"
"456",12,"DeAndre Hopkins",BAL,"WR180","13","-","-","4 out of 5 stars","-"
"457",12,"David Sills V",TB,"WR181","10","-","-","4 out of 5 stars","-"
"458",12,"Isaiah Williams",NYJ,"WR182","13","-","-","4 out of 5 stars","-"
"459",12,"Jelani Woods",NYJ,"TE85","13","-","-","4 out of 5 stars","-"
"460",13,"Michael Trigg",DAL,"TE86","14","-","-","2 out of 5 stars","-"
"461",13,"Moliki Matavao",NO,"TE87","8","-","-","2 out of 5 stars","-"
"462",13,"Jeshaun Jones",MIN,"WR183","6","-","-","5 out of 5 stars","-"
"463",13,"Miles Kitselman",FA,"TE88","-","-","-","-","-"
"464",13,"Jack Endries",CIN,"TE89","6","-","-","3 out of 5 stars","-"
"465",13,"Will Dissly",FA,"TE90","-","-","-","-","-"
"466",13,"Miles Davis",CAR,"RB145","5","-","-","1 out of 5 stars","-"
"467",13,"Khalil Dinkins",SF,"TE91","8","-","-","3 out of 5 stars","-"
"468",13,"Elijah Tau-Tolliver",BAL,"RB146","13","-","-","3 out of 5 stars","-"
"469",13,"Kalel Mullings",TEN,"RB147","9","-","-","3 out of 5 stars","-"
"470",13,"Drew Sample",CIN,"TE92","6","-","-","3 out of 5 stars","-"
"471",13,"Raheem Mostert",LV,"RB148","13","-","-","2 out of 5 stars","-"
"472",13,"Alexander Mattison",FA,"RB149","-","-","-","-","-"
"473",13,"Lew Nichols III",PIT,"RB150","9","-","-","2 out of 5 stars","-"
"474",13,"Ulysses Bentley IV",IND,"RB151","13","-","-","4 out of 5 stars","-"
"475",13,"Elijah Moore",PHI,"WR184","10","-","-","4 out of 5 stars","-"
"476",13,"Juice Wells Jr.",ATL,"WR185","11","-","-","3 out of 5 stars","-"
"477",13,"Ahmani Marshall",CLE,"RB152","11","-","-","3 out of 5 stars","-"
"478",13,"Nathan Carter",ATL,"RB153","11","-","-","2 out of 5 stars","-"
"479",13,"Cash Jones",ATL,"RB154","11","-","-","2 out of 5 stars","-"
"480",13,"Dohnte Meyers",CIN,"WR186","6","-","-","4 out of 5 stars","-"
"481",13,"Brock Wright",DET,"TE93","6","-","-","3 out of 5 stars","-"
"482",13,"Davis Allen",LAR,"TE94","11","-","-","4 out of 5 stars","-"
"483",13,"Payne Durham",TB,"TE95","10","-","-","2 out of 5 stars","-"
"484",13,"Cam Akers",FA,"RB155","-","-","-","-","-"
"485",13,"Tyler Badie",DEN,"RB156","10","-","-","2 out of 5 stars","-"
"486",13,"Ben Sims",MIA,"TE96","6","-","-","5 out of 5 stars","-"
"487",13,"Brandin Cooks",FA,"WR187","-","-","-","-","-"
"488",13,"Brevyn Spann-Ford",DAL,"TE97","14","-","-","2 out of 5 stars","-"
"489",13,"Anderson Castle",IND,"RB157","13","-","-","4 out of 5 stars","-"
"490",13,"Luke Farrell",SF,"TE98","8","-","-","3 out of 5 stars","-"
"491",13,"Kenny McIntosh",FA,"RB158","-","-","-","-","-"
"492",13,"Blake Whiteheart",CLE,"TE99","11","-","-","3 out of 5 stars","-"
"493",13,"Sincere McCormick",SF,"RB159","8","-","-","2 out of 5 stars","-"
"494",13,"Eric Gray",NYG,"RB160","8","-","-","4 out of 5 stars","-"
"495",13,"Raheem Blackshear",DET,"RB161","6","-","-","5 out of 5 stars","-"
"496",13,"Craig Reynolds",WAS,"RB162","7","-","-","4 out of 5 stars","-"
"497",13,"Jermar Jefferson",MIN,"RB163","6","-","-","4 out of 5 stars","-"
"498",13,"JaMycal Hasty",NE,"RB164","11","-","-","2 out of 5 stars","-"
"499",13,"Salvon Ahmed",CHI,"RB165","10","-","-","2 out of 5 stars","-"
"500",13,"Diontae Johnson",FA,"WR188","-","-","-","-","-"
"501",13,"Mecole Hardman Jr.",BUF,"WR189","7","-","-","4 out of 5 stars","-"
"502",13,"Anthony Hankerson",SEA,"RB166","11","-","-","4 out of 5 stars","-"
"503",13,"JuJu Smith-Schuster",FA,"WR190","-","-","-","-","-"
"504",13,"Vinny Anthony II",ATL,"WR191","11","-","-","3 out of 5 stars","-"
"505",13,"Curtis Samuel",FA,"WR192","-","-","-","-","-"
"506",13,"Velus Jones Jr.",SEA,"WR193","11","-","-","3 out of 5 stars","-"
"507",13,"Jake Browning",TB,"QB49","10","-","-","2 out of 5 stars","-"
"508",13,"J. Michael Sturdivant",GB,"WR194","11","-","-","5 out of 5 stars","-"
"509",13,"Isaiah Hodgins",NYG,"WR195","8","-","-","4 out of 5 stars","-"
"510",13,"Montorie Foster Jr.",SEA,"WR196","11","-","-","3 out of 5 stars","-"
"511",13,"Michael Briscoe",MIN,"WR197","6","-","-","5 out of 5 stars","-"
"512",13,"Ricky White III",SEA,"WR198","11","-","-","3 out of 5 stars","-"
"513",13,"Owen Wright",HOU,"RB167","8","-","-","4 out of 5 stars","-"
"514",13,"Joshua Cephus",FA,"WR199","-","-","-","-","-"
"515",13,"Tahj Washington",MIA,"WR200","6","-","-","3 out of 5 stars","-"
"516",13,"Deontay Burnett",FA,"WR201","-","-","-","-","-"
"517",13,"Coleman Owen",IND,"WR202","13","-","-","4 out of 5 stars","-"
"518",13,"Jared Wayne",HOU,"WR203","8","-","-","3 out of 5 stars","-"
"519",13,"Josh Cameron",JAC,"WR204","7","-","-","4 out of 5 stars","-"
"520",13,"Maurice Alexander",CHI,"WR205","10","-","-","3 out of 5 stars","-"
"521",13,"Casey Washington",CAR,"WR206","5","-","-","2 out of 5 stars","-"
"522",13,"Bub Means",NO,"WR207","8","-","-","3 out of 5 stars","-"
"523",13,"Quentin Skinner",BUF,"WR208","7","-","-","4 out of 5 stars","-"
"524",13,"Mason Tipton",NO,"WR209","8","-","-","3 out of 5 stars","-"
"525",13,"Kendric Pryor",CIN,"WR210","6","-","-","4 out of 5 stars","-"
"526",13,"Kevin Austin Jr.",NO,"WR211","8","-","-","3 out of 5 stars","-"
"527",13,"Quinn Ewers",MIA,"QB50","6","-","-","3 out of 5 stars","-280"
"528",13,"Drake Dabney",GB,"TE100","11","-","-","2 out of 5 stars","-"
"529",13,"Gardner Minshew II",ARI,"QB51","14","-","-","2 out of 5 stars","-"
"530",13,"Jordan Watkins",SF,"WR212","8","-","-","2 out of 5 stars","-"
"531",13,"Tyson Bagent",CHI,"QB52","10","-","-","3 out of 5 stars","-261"
"532",13,"Anthony Gould",IND,"WR213","13","-","-","4 out of 5 stars","-"
"533",13,"Michael Bandy",DEN,"WR214","10","-","-","2 out of 5 stars","-"
"534",13,"Jaheim Bell",PIT,"TE101","9","-","-","2 out of 5 stars","-"
"535",13,"Davis Mills",HOU,"QB53","8","-","-","4 out of 5 stars","-"
"536",13,"K.J. Osborn",TEN,"WR215","9","-","-","3 out of 5 stars","-"
"537",13,"Dominic Lovett",DET,"WR216","6","-","-","4 out of 5 stars","-"
"538",13,"Jonathan Mingo",DAL,"WR217","14","-","-","2 out of 5 stars","-"
"539",13,"DeeJay Dallas",JAC,"RB168","7","-","-","4 out of 5 stars","-"
"540",13,"Jermaine Burton",FA,"WR218","-","-","-","-","-"
"541",13,"Arian Smith",NYJ,"WR219","13","-","-","4 out of 5 stars","-"
"542",13,"Terrace Marshall Jr.",MIA,"WR220","6","-","-","3 out of 5 stars","-"
"543",13,"Spencer Rattler",NO,"QB54","8","-","-","3 out of 5 stars","-"
"544",13,"Trey Lance",LAC,"QB55","7","-","-","2 out of 5 stars","-"
"545",13,"Skyy Moore",GB,"WR221","11","-","-","5 out of 5 stars","-"
"546",13,"Jalen Milroe",SEA,"QB56","11","-","-","4 out of 5 stars","-"
"547",13,"Kameron Johnson",TB,"WR222","10","-","-","4 out of 5 stars","-"
"548",13,"Darius Cooper",PHI,"WR223","10","-","-","4 out of 5 stars","-"
"549",13,"Tyler Scott",LAR,"WR224","11","-","-","1 out of 5 stars","-"
"550",13,"Tyler Huntley",BAL,"QB57","13","-","-","3 out of 5 stars","-"
"551",13,"Drew Allar",PIT,"QB58","9","-","-","2 out of 5 stars","-"
"552",13,"Tyrell Shavers",BUF,"WR225","7","-","-","4 out of 5 stars","-"
"553",13,"Bauer Sharp",TB,"TE102","10","-","-","2 out of 5 stars","-"
"554",13,"Taylen Green",CLE,"QB59","11","-","-","4 out of 5 stars","-"
"555",13,"Nikko Remigio",KC,"WR226","5","-","-","2 out of 5 stars","-"
"556",13,"Josh Williams",TB,"RB169","10","-","-","2 out of 5 stars","-"
"557",13,"David Moore",CAR,"WR227","5","-","-","2 out of 5 stars","-"
"558",13,"Seydou Traore",MIA,"TE103","6","-","-","5 out of 5 stars","-"
"559",13,"Joe Royer",CLE,"TE104","11","-","-","3 out of 5 stars","-"
"560",13,"Ben Skowronek",PIT,"WR228","9","-","-","3 out of 5 stars","-"
"561",13,"Jared Wiley",KC,"TE105","5","-","-","4 out of 5 stars","-"
"562",13,"Thomas Fidone II",NYG,"TE106","8","-","-","3 out of 5 stars","-"
"563",13,"Josh Whyle",GB,"TE107","11","-","-","2 out of 5 stars","-"
"564",13,"Malachi Corley",CLE,"WR229","11","-","-","3 out of 5 stars","-"
"565",13,"Kaden Wetjen",PIT,"WR230","9","-","-","3 out of 5 stars","-"
"566",13,"Ian Thomas",LV,"TE108","13","-","-","3 out of 5 stars","-"
"567",14,"Gage Larvadain",CLE,"WR231","11","-","-","3 out of 5 stars","-"
"568",14,"Kene Nwangwu",NYJ,"RB170","13","-","-","3 out of 5 stars","-"
"569",14,"Jack Stoll",CLE,"TE109","11","-","-","3 out of 5 stars","-"
"570",14,"Dareke Young",LV,"WR232","13","-","-","2 out of 5 stars","-"
"571",14,"Devin Duvernay",ARI,"WR233","14","-","-","2 out of 5 stars","-"
"572",14,"Eric Saubert",SEA,"TE110","11","-","-","3 out of 5 stars","-"
"573",14,"Tip Reiman",ARI,"TE111","14","-","-","2 out of 5 stars","-"
"574",14,"Ke'Shawn Williams",CIN,"WR234","6","-","-","4 out of 5 stars","-"
"575",14,"Stone Smartt",PHI,"TE112","10","-","-","4 out of 5 stars","-"
"576",14,"Charlie Jones",CIN,"WR235","6","-","-","4 out of 5 stars","-"
"577",14,"Drew Ogletree",IND,"TE113","13","-","-","3 out of 5 stars","-"
"578",14,"Grant Calcaterra",PHI,"TE114","10","-","-","4 out of 5 stars","-"
"579",14,"Kylen Granson",TEN,"TE115","9","-","-","3 out of 5 stars","-"
"580",14,"Jake Briningstool",KC,"TE116","5","-","-","4 out of 5 stars","-"
"581",14,"Albert Okwuegbunam Jr.",LV,"TE117","13","-","-","3 out of 5 stars","-"
"582",14,"Teagan Quitoriano",ARI,"TE118","14","-","-","2 out of 5 stars","-"
"583",14,"Ben Yurosek",MIN,"TE119","6","-","-","4 out of 5 stars","-"
"584",14,"Bo Melton",GB,"WR236","11","-","-","5 out of 5 stars","-"
"585",14,"Britain Covey",PHI,"WR237","10","-","-","4 out of 5 stars","-"
"586",14,"Charlie Woerner",ATL,"TE120","11","-","-","3 out of 5 stars","-"
"587",14,"Will Mallory",IND,"TE121","13","-","-","3 out of 5 stars","-"
"588",14,"Lucas Krull",DEN,"TE122","10","-","-","4 out of 5 stars","-"
"589",14,"Julian Hill",NE,"TE123","11","-","-","4 out of 5 stars","-"
"590",14,"Brevin Jordan",HOU,"TE124","8","-","-","4 out of 5 stars","-"
"591",14,"Tanner Conner",NYG,"TE125","8","-","-","3 out of 5 stars","-"
"592",14,"Johnny Mundt",PHI,"TE126","10","-","-","4 out of 5 stars","-"
"593",14,"Brayden Willis",SF,"TE127","8","-","-","3 out of 5 stars","-"
"594",14,"David Martin-Robinson",TEN,"TE128","9","-","-","3 out of 5 stars","-"
"595",14,"Colson Yankoff",WAS,"TE129","7","-","-","1 out of 5 stars","-"
"596",14,"Devin Culp",TB,"TE130","10","-","-","2 out of 5 stars","-"
"597",14,"Gavin Bartholomew",MIN,"TE131","6","-","-","4 out of 5 stars","-"
"598",14,"CJ Dippre",NE,"TE132","11","-","-","4 out of 5 stars","-"
"599",14,"LaJohntay Wester",BAL,"WR238","13","-","-","4 out of 5 stars","-"
"600",14,"Cameron Latu",PHI,"TE133","10","-","-","4 out of 5 stars","-"
"601",14,"Mason Kinsey",TEN,"WR239","9","-","-","3 out of 5 stars","-"
"602",14,"Hunter Long",JAC,"TE134","7","-","-","3 out of 5 stars","-"
"603",14,"Hayden Rucci",SF,"TE135","8","-","-","3 out of 5 stars","-"
"604",14,"Joel Wilson",TEN,"TE136","9","-","-","3 out of 5 stars","-"
"605",14,"Ko Kieft",TB,"TE137","10","-","-","2 out of 5 stars","-"
"606",14,"Cole Turner",MIA,"TE138","6","-","-","5 out of 5 stars","-"
"607",14,"Chris Manhertz",NYG,"TE139","8","-","-","3 out of 5 stars","-"
"608",14,"Ty Pezza",BAL,"TE140","13","-","-","4 out of 5 stars","-"
"609",14,"Carsen Ryan",CLE,"TE141","11","-","-","3 out of 5 stars","-"
"610",14,"Zach Horton",DET,"TE142","6","-","-","3 out of 5 stars","-"
"611",14,"Brenden Bates",CLE,"TE143","11","-","-","3 out of 5 stars","-"
"612",14,"Quintin Morris",JAC,"TE144","7","-","-","3 out of 5 stars","-"
"613",14,"Joshua Simon",ATL,"TE145","11","-","-","3 out of 5 stars","-"
"614",14,"Bryson Nesbit",MIN,"TE146","6","-","-","4 out of 5 stars","-"
"615",14,"Mario Williams",FA,"WR240","-","-","-","-","-"
"616",14,"Jack Velling",ATL,"TE147","11","-","-","3 out of 5 stars","-"
"617",14,"Josiah Deguara",SF,"TE148","8","-","-","3 out of 5 stars","-"
"618",14,"Rivaldo Fairweather",ARI,"TE149","14","-","-","2 out of 5 stars","-"
"619",14,"E.J. Jenkins",PHI,"TE150","10","-","-","4 out of 5 stars","-"
"620",14,"Jack Westover",NE,"TE151","11","-","-","4 out of 5 stars","-"
"621",14,"Princeton Fant",DAL,"TE152","14","-","-","2 out of 5 stars","-"
"622",14,"James Mitchell",CAR,"TE153","5","-","-","2 out of 5 stars","-"
"623",14,"Jamal Haynes",CIN,"RB171","6","-","-","2 out of 5 stars","-"
"624",14,"Cam Grandy",CIN,"TE154","6","-","-","3 out of 5 stars","-"
"625",14,"Lance Mason",PIT,"TE155","9","-","-","2 out of 5 stars","-"
"626",14,"Andrew Beck",NYJ,"TE156","13","-","-","4 out of 5 stars","-"
"627",14,"Tanner Arkin",NE,"TE157","11","-","-","4 out of 5 stars","-"
"628",14,"DJ Rogers",DAL,"TE158","14","-","-","2 out of 5 stars","-"
"629",14,"Nick Kallerup",SEA,"TE159","11","-","-","3 out of 5 stars","-"
"630",14,"Shane Zylstra",BUF,"TE160","7","-","-","3 out of 5 stars","-"
"631",14,"Lake McRee",PIT,"TE161","9","-","-","2 out of 5 stars","-"
"632",14,"Dean Connors",LAR,"RB172","11","-","-","5 out of 5 stars","-"
"633",14,"Lan Larison",NE,"RB173","11","-","-","2 out of 5 stars","-"
"634",14,"AJ Dillon",CAR,"RB174","5","-","-","1 out of 5 stars","-"
"635",14,"Kenny Fletcher Jr.",TB,"TE162","10","-","-","2 out of 5 stars","-"
"636",14,"Pharaoh Brown",IND,"TE163","13","-","-","3 out of 5 stars","-"
"637",14,"CJ Donaldson",NO,"RB175","8","-","-","3 out of 5 stars","-"
"638",14,"Dontae McMillan",BAL,"RB176","13","-","-","3 out of 5 stars","-"
"639",14,"Chris Myarick",LV,"TE164","13","-","-","3 out of 5 stars","-"
"640",14,"Pierre Strong Jr.",GB,"RB177","11","-","-","4 out of 5 stars","-"
"641",14,"Quentin Moore",WAS,"TE165","7","-","-","1 out of 5 stars","-"
"642",14,"Zaire Mitchell-Paden",NO,"TE166","8","-","-","2 out of 5 stars","-"
"643",14,"Chase Curtis",NYJ,"TE167","13","-","-","4 out of 5 stars","-"
"644",14,"Ameer Abdullah",JAC,"RB178","7","-","-","4 out of 5 stars","-"
"645",14,"Patrick Herbert",JAC,"TE168","7","-","-","3 out of 5 stars","-"
"646",14,"Chip Trayanum",NYJ,"RB179","13","-","-","3 out of 5 stars","-"
"647",14,"Messiah Swinson",GB,"TE169","11","-","-","2 out of 5 stars","-"
"648",14,"Connor Heyward",LV,"TE170","13","-","-","3 out of 5 stars","-"
"649",14,"Carter Runyon",LV,"TE171","13","-","-","3 out of 5 stars","-"
"650",14,"Keleki Latu",BUF,"TE172","7","-","-","3 out of 5 stars","-"
"651",14,"Kendrick Law",DET,"WR241","6","-","-","4 out of 5 stars","-"
"652",14,"Dae'Quan Wright",FA,"TE173","-","-","-","-","-"
"653",14,"Ja'Quinden Jackson",PHI,"RB180","10","-","-","4 out of 5 stars","-"
"654",14,"Treyton Welch",NO,"TE174","8","-","-","2 out of 5 stars","-"
"655",14,"Stephen Carlson",CHI,"TE175","10","-","-","2 out of 5 stars","-"
"656",14,"Michael Wortham",JAC,"WR242","7","-","-","4 out of 5 stars","-"
"657",14,"Evan Svoboda",LAC,"TE176","7","-","-","4 out of 5 stars","-"
"658",14,"Brittain Brown",CHI,"RB181","10","-","-","2 out of 5 stars","-"
"659",14,"Kentrel Bullock",CIN,"RB182","6","-","-","2 out of 5 stars","-"
"660",14,"Dallen Bentley",DEN,"TE177","10","-","-","4 out of 5 stars","-"
"661",14,"Cody Hardy",NO,"TE178","8","-","-","2 out of 5 stars","-"
"662",14,"Patrick Gurd",LV,"TE179","13","-","-","3 out of 5 stars","-"
"663",14,"Tyler Johnson",DAL,"WR243","14","-","-","2 out of 5 stars","-"
"664",14,"Mark Redman",LAR,"TE180","11","-","-","4 out of 5 stars","-"
"665",14,"Hassan Haskins",NE,"RB183","11","-","-","2 out of 5 stars","-"
"666",14,"Terion Stewart",KC,"RB184","5","-","-","3 out of 5 stars","-"
"667",14,"Dan Villari",LAR,"TE181","11","-","-","4 out of 5 stars","-"
"668",14,"Ray-Ray McCloud III",CHI,"WR244","10","-","-","3 out of 5 stars","-"
"669",14,"Gary Brightwell",CIN,"RB185","6","-","-","2 out of 5 stars","-"
"670",15,"Dylan Drummond",ATL,"WR245","11","-","-","3 out of 5 stars","-"
"671",15,"Johnny Pascuzzi",LAC,"TE182","7","-","-","4 out of 5 stars","-"
"672",15,"Desmond Reid",FA,"RB186","-","-","-","-","-"
"673",15,"Hayden Large",CHI,"TE183","10","-","-","2 out of 5 stars","-"
"674",15,"Rohan Jones",LAR,"TE184","11","-","-","4 out of 5 stars","-"
"675",15,"Gus Edwards",FA,"RB187","-","-","-","-","-"
"676",15,"Jeff Caldwell",KC,"WR246","5","-","-","2 out of 5 stars","-"
"677",15,"Amar Johnson",LAC,"RB188","7","-","-","3 out of 5 stars","-"
"678",15,"Ronnie Bell",NO,"WR247","8","-","-","3 out of 5 stars","-"
"679",15,"Josh Kattus",CIN,"TE185","6","-","-","3 out of 5 stars","-"
"680",15,"Zack Moss",FA,"RB189","-","-","-","-","-"
"681",15,"Davon Booth",CLE,"RB190","11","-","-","3 out of 5 stars","-"
"682",15,"EJ Smith",KC,"RB191","5","-","-","3 out of 5 stars","-"
"683",15,"Cody White",SEA,"WR248","11","-","-","3 out of 5 stars","-"
"684",15,"Shedrick Jackson",LV,"WR249","13","-","-","2 out of 5 stars","-"
"685",15,"Deven Thompkins",LV,"WR250","13","-","-","2 out of 5 stars","-"
"686",15,"Trey Sermon",ATL,"RB192","11","-","-","2 out of 5 stars","-"
"687",15,"Dante Pettis",BUF,"WR251","7","-","-","4 out of 5 stars","-"
"688",15,"Jeff Wilson Jr.",FA,"RB193","-","-","-","-","-"
"689",15,"Simi Fehoko",ARI,"WR252","14","-","-","2 out of 5 stars","-"
"690",15,"Royce Freeman",FA,"RB194","-","-","-","-","-"
"691",15,"Tylan Wallace",CLE,"WR253","11","-","-","3 out of 5 stars","-"
"692",15,"Xavier Weaver",ARI,"WR254","14","-","-","2 out of 5 stars","-"
"693",15,"Julius Chestnut",TEN,"RB195","9","-","-","3 out of 5 stars","-"
"694",15,"Nick Vannett",SEA,"TE186","11","-","-","3 out of 5 stars","-"
"695",15,"Tom Kennedy",DET,"WR255","6","-","-","4 out of 5 stars","-"
"696",15,"Trayveon Williams",DET,"RB196","6","-","-","5 out of 5 stars","-"
"697",15,"Cody Schrader",DEN,"RB197","10","-","-","2 out of 5 stars","-"
"698",15,"Jalin Hyatt",NYG,"WR256","8","-","-","4 out of 5 stars","-"
"699",15,"Jaden Nixon",GB,"RB198","11","-","-","4 out of 5 stars","-"
"700",15,"D'Onta Foreman",FA,"RB199","-","-","-","-","-"
"701",15,"Carlos Washington Jr.",MIA,"RB200","6","-","-","3 out of 5 stars","-"
"702",15,"Dare Ogunbowale",LV,"RB201","13","-","-","2 out of 5 stars","-"
"703",15,"Tay Martin",DET,"WR257","6","-","-","4 out of 5 stars","-"
"704",15,"Carson Steele",PHI,"RB202","10","-","-","4 out of 5 stars","-"
"705",15,"Zamir White",SF,"RB203","8","-","-","2 out of 5 stars","-"
"706",15,"Chris Moore",BAL,"WR258","13","-","-","4 out of 5 stars","-"
"707",15,"Laquon Treadwell",IND,"WR259","13","-","-","4 out of 5 stars","-"
"708",15,"Bryce Oliver",TEN,"WR260","9","-","-","3 out of 5 stars","-"
"709",15,"Gregory Desrosiers",LAC,"RB204","7","-","-","3 out of 5 stars","-"
"710",15,"Camden Brown",DAL,"WR261","14","-","-","2 out of 5 stars","-"
"711",15,"Evan Hull",ARI,"RB205","14","-","-","2 out of 5 stars","-"
"712",15,"Jason Brownlee",KC,"WR262","5","-","-","2 out of 5 stars","-"
"713",15,"Clyde Edwards-Helaire",FA,"RB206","-","-","-","-","-"
"714",15,"KhaDarel Hodge",SF,"WR263","8","-","-","2 out of 5 stars","-"
"715",15,"Myles Gaskin",FA,"RB207","-","-","-","-","-"
"716",15,"Darrynton Evans",FA,"RB208","-","-","-","-","-"
"717",15,"Sam Scott",FA,"RB209","-","-","-","-","-"
"718",15,"Tyrion Davis-Price",FA,"RB210","-","-","-","-","-"
"719",15,"Jashaun Corbin",DAL,"RB211","14","-","-","4 out of 5 stars","-"
"720",15,"Braxton Berrios",NYG,"WR264","8","-","-","4 out of 5 stars","-"
"721",15,"Alex Bachman",LAR,"WR265","11","-","-","1 out of 5 stars","-"
"722",15,"Gabe Davis",FA,"WR266","-","-","-","-","-"
"723",15,"Jimmy Holiday",KC,"WR267","5","-","-","2 out of 5 stars","-"
"724",15,"Samori Toure",PHI,"WR268","10","-","-","4 out of 5 stars","-"
"725",15,"D'Ernest Johnson",TEN,"RB212","9","-","-","3 out of 5 stars","-"
"726",15,"Jakobie Keeney-James",PIT,"WR269","9","-","-","3 out of 5 stars","-"
"727",15,"Trent Sherfield Sr.",BUF,"WR270","7","-","-","4 out of 5 stars","-"
"728",15,"Eli Pancol",IND,"WR271","13","-","-","4 out of 5 stars","-"
"729",15,"Zay Jones",HOU,"WR272","8","-","-","3 out of 5 stars","-"
"730",15,"Emmanuel Henderson Jr.",SEA,"WR273","11","-","-","3 out of 5 stars","-"
"731",15,"Dalevon Campbell",LAC,"WR274","7","-","-","2 out of 5 stars","-"
"732",15,"Xavier Gipson",NYG,"WR275","8","-","-","4 out of 5 stars","-"
"733",15,"Tejhaun Palmer",NE,"WR276","11","-","-","2 out of 5 stars","-"
"734",15,"Andrew Armstrong",KC,"WR277","5","-","-","2 out of 5 stars","-"
"735",15,"Isaiah Neyor",GB,"WR278","11","-","-","5 out of 5 stars","-"
"736",15,"Raylen Sharpe",IND,"WR279","13","-","-","4 out of 5 stars","-"
"737",15,"Sederrick Cunningham",FA,"WR280","-","-","-","-","-"
"738",15,"Kye Robichaux",DET,"RB213","6","-","-","5 out of 5 stars","-"
"739",15,"Jacob De Jesus",KC,"WR281","5","-","-","2 out of 5 stars","-"
"740",15,"Jabari Small",DET,"RB214","6","-","-","5 out of 5 stars","-"
"741",15,"Sahmir Hagans",IND,"WR282","13","-","-","4 out of 5 stars","-"
"742",15,"Omari Kelly",CHI,"WR283","10","-","-","3 out of 5 stars","-"
"743",15,"Malik Turner",SF,"WR284","8","-","-","2 out of 5 stars","-"
"744",15,"Brennan Presley",LAR,"WR285","11","-","-","1 out of 5 stars","-"
"745",15,"Anthony Smith",DAL,"WR286","14","-","-","2 out of 5 stars","-"
"746",15,"Tru Edwards",LAR,"WR287","11","-","-","1 out of 5 stars","-"
"747",15,"Kaden Prather",GB,"WR288","11","-","-","5 out of 5 stars","-"
"748",15,"JP Richardson",CHI,"WR289","10","-","-","3 out of 5 stars","-"
"749",15,"John Michael Gyllenborg",KC,"TE187","5","-","-","4 out of 5 stars","-"
"750",15,"Lewis Bond",HOU,"WR290","8","-","-","3 out of 5 stars","-"
"751",15,"Nick Nash",WAS,"WR291","7","-","-","2 out of 5 stars","-"
"752",15,"Omari Evans",KC,"WR292","5","-","-","2 out of 5 stars","-"
"753",15,"Jordan Moore",CIN,"WR293","6","-","-","4 out of 5 stars","-"
"754",15,"Dalen Cambre",NYG,"WR294","8","-","-","4 out of 5 stars","-"
"755",15,"Xavier Loyd",KC,"WR295","5","-","-","2 out of 5 stars","-"
"756",15,"Jamari Thrash",CLE,"WR296","11","-","-","3 out of 5 stars","-"
"757",15,"Devonte Ross",LAC,"WR297","7","-","-","2 out of 5 stars","-"
"758",15,"Brandon Smith",PIT,"WR298","9","-","-","3 out of 5 stars","-"
"759",15,"Jarrett Stidham",DEN,"QB60","10","-","-","3 out of 5 stars","-"
"760",15,"Gunner Olszewski",NYG,"WR299","8","-","-","4 out of 5 stars","-"
"761",15,"Jamaal Pritchett",NYJ,"WR300","13","-","-","4 out of 5 stars","-"
"762",15,"Chris Hilton Jr.",GB,"WR301","11","-","-","5 out of 5 stars","-"
"763",15,"Jaden Bradley",WAS,"WR302","7","-","-","2 out of 5 stars","-"
"764",15,"Tyren Montgomery",TEN,"WR303","9","-","-","3 out of 5 stars","-"
"765",16,"Sincere Brown",LAC,"WR304","7","-","-","2 out of 5 stars","-"
"766",16,"Thomas Gordon",DET,"TE188","6","-","-","3 out of 5 stars","-"
"767",16,"Ryan Miller",NYG,"WR305","8","-","-","4 out of 5 stars","-"
"768",16,"Carson Towt",IND,"TE189","13","-","-","3 out of 5 stars","-"
"769",16,"Beaux Collins",ATL,"WR306","11","-","-","3 out of 5 stars","-"
"770",16,"Jordan Waters",LAR,"RB215","11","-","-","5 out of 5 stars","-"
"771",16,"Noah Thomas",CIN,"WR307","6","-","-","4 out of 5 stars","-"
"772",16,"Austin Trammell",JAC,"WR308","7","-","-","4 out of 5 stars","-"
"773",16,"Patrick Taylor Jr.",SF,"RB216","8","-","-","2 out of 5 stars","-"
"774",16,"Brandon Johnson",LV,"WR309","13","-","-","2 out of 5 stars","-"
"775",16,"Jacardia Wright",SEA,"RB217","11","-","-","4 out of 5 stars","-"
"776",16,"Josh Kelly",HOU,"WR310","8","-","-","3 out of 5 stars","-"
"777",16,"Donaven McCulley",MIA,"WR311","6","-","-","3 out of 5 stars","-"
"778",16,"Jameson Geers",ARI,"TE190","14","-","-","2 out of 5 stars","-"
"779",16,"Sean McKeon",IND,"TE191","13","-","-","3 out of 5 stars","-"
"780",16,"Dontae Fleming",MIN,"WR312","6","-","-","5 out of 5 stars","-"
"781",16,"Tim Jones",JAC,"WR313","7","-","-","4 out of 5 stars","-"
"782",16,"E.J. Williams Jr.",LV,"WR314","13","-","-","2 out of 5 stars","-"
"783",16,"Rashad Rochelle",SEA,"WR315","11","-","-","3 out of 5 stars","-"
"784",16,"Layne Pryor",HOU,"TE192","8","-","-","4 out of 5 stars","-"
"785",16,"Jaren Kanak",TEN,"TE193","9","-","-","3 out of 5 stars","-"
"786",16,"Hakeem Butler",DEN,"WR316","10","-","-","2 out of 5 stars","-"
"787",16,"Dillon Bell",MIN,"WR317","6","-","-","5 out of 5 stars","-"
"788",16,"Caleb Lohner",DEN,"TE194","10","-","-","4 out of 5 stars","-"
"789",16,"Corey Kiner",ARI,"RB218","14","-","-","2 out of 5 stars","-"
"790",16,"Eric Rivers Jr.",TB,"WR318","10","-","-","4 out of 5 stars","-"
"791",16,"Israel Abanikanda",DAL,"RB219","14","-","-","4 out of 5 stars","-"
"792",16,"Dane Key",DEN,"WR319","10","-","-","2 out of 5 stars","-"
"793",16,"Ethan Conner",FA,"TE195","-","-","-","-","-"
"794",16,"RJ Maryland",GB,"TE196","11","-","-","2 out of 5 stars","-"
"795",16,"Junior Bergen",NYJ,"WR320","13","-","-","4 out of 5 stars","-"
"796",16,"Dante Miller",NYG,"RB220","8","-","-","4 out of 5 stars","-"
"797",16,"Caullin Lacy",FA,"WR321","-","-","-","-","-"
"798",16,"Nikola Kalinic",CHI,"TE197","10","-","-","2 out of 5 stars","-"
"799",16,"Malik McClain",NYJ,"WR322","13","-","-","4 out of 5 stars","-"
"800",16,"AJ Henning",MIA,"WR323","6","-","-","3 out of 5 stars","-"
"801",16,"Stephen Gosnell",BUF,"WR324","7","-","-","4 out of 5 stars","-"
"802",16,"Trey Palmer",NO,"WR325","8","-","-","3 out of 5 stars","-"
"803",16,"Quez Watkins",PHI,"WR326","10","-","-","4 out of 5 stars","-"
"804",16,"Jordan Hudson",DAL,"WR327","14","-","-","2 out of 5 stars","-"
"805",16,"Chamon Metayer",FA,"TE198","-","-","-","-","-"
"806",16,"Danny Gray",PHI,"WR328","10","-","-","4 out of 5 stars","-"
"807",16,"Treyvhon Saunders",HOU,"WR329","8","-","-","3 out of 5 stars","-"
"808",16,"Dennis Houston",TB,"WR330","10","-","-","4 out of 5 stars","-"
"809",16,"Daniel Sobkowicz",HOU,"WR331","8","-","-","3 out of 5 stars","-"
"810",16,"Nick DeGennaro",NE,"WR332","11","-","-","2 out of 5 stars","-"
"811",16,"Coleman Bennett",FA,"RB221","-","-","-","-","-"
"812",16,"Wesley Grimes",SF,"WR333","8","-","-","2 out of 5 stars","-"
"813",16,"Cameron Dorner",NE,"WR334","11","-","-","2 out of 5 stars","-"
"814",16,"Joshua Pitsenberger",HOU,"RB222","8","-","-","4 out of 5 stars","-"
"815",16,"Kolbe Katsis",DEN,"WR335","10","-","-","2 out of 5 stars","-"
"816",16,"Dean Patterson IV",TB,"WR336","10","-","-","4 out of 5 stars","-"
"817",16,"Damon Bankston",NYG,"RB223","8","-","-","4 out of 5 stars","-"
"818",16,"Cameron Ross",DEN,"WR337","10","-","-","2 out of 5 stars","-"
"819",16,"Keelan Marion",ATL,"WR338","11","-","-","3 out of 5 stars","-"
"820",16,"Kendall Milton",CIN,"RB224","6","-","-","2 out of 5 stars","-"
"821",16,"Jackson Meeks",DET,"WR339","6","-","-","4 out of 5 stars","-"
"822",16,"Lucas Scott",BAL,"RB225","13","-","-","3 out of 5 stars","-"
"823",16,"Hank Beatty",TEN,"WR340","9","-","-","3 out of 5 stars","-"
"824",16,"Kobe Prentice",NE,"WR341","11","-","-","2 out of 5 stars","-"
"825",16,"Max Tomczak",BUF,"WR342","7","-","-","4 out of 5 stars","-"
"826",16,"Kyle Dixon",NE,"WR343","11","-","-","2 out of 5 stars","-"
"827",16,"Ja'Mori Maclin",BUF,"WR344","7","-","-","4 out of 5 stars","-"
"828",16,"Lance McCutcheon",TEN,"WR345","9","-","-","3 out of 5 stars","-"
"829",16,"Will Howard",PIT,"QB61","9","-","-","2 out of 5 stars","-595"
"830",16,"Luke Floriea",CLE,"WR346","11","-","-","3 out of 5 stars","-"
"831",16,"Courtney Jackson",TEN,"WR347","9","-","-","3 out of 5 stars","-"
"832",16,"TJ Harden",FA,"RB226","-","-","-","-","-"
"833",16,"Johnny Wilson",PHI,"WR348","10","-","-","4 out of 5 stars","-"
"834",16,"Brock Rechsteiner",NO,"WR349","8","-","-","3 out of 5 stars","-"
"835",16,"Cornelius Johnson",BAL,"WR350","13","-","-","4 out of 5 stars","-"
"836",16,"Kole Wilson",CLE,"WR351","11","-","-","3 out of 5 stars","-"
"837",16,"Bryson Green",ARI,"WR352","14","-","-","2 out of 5 stars","-"
"838",16,"Chris Collier",LV,"RB227","13","-","-","2 out of 5 stars","-"
"839",16,"Xavier Guillory",BAL,"WR353","13","-","-","4 out of 5 stars","-"
"840",16,"Cortez Braham Jr.",BAL,"WR354","13","-","-","4 out of 5 stars","-"
"841",16,"Harrison Wallace III",ARI,"WR355","14","-","-","2 out of 5 stars","-"
"842",16,"Octavian Smith Jr.",BAL,"WR356","13","-","-","4 out of 5 stars","-"
"843",16,"Jackson Acker",FA,"RB228","-","-","-","-","-"
"844",16,"Irv Charles",SEA,"WR357","11","-","-","3 out of 5 stars","-"
"845",16,"Phillip Dorsett II",LV,"WR358","13","-","-","2 out of 5 stars","-"
"846",16,"Trenton Irwin",SF,"WR359","8","-","-","2 out of 5 stars","-"
"847",16,"Kenny Pickett",CAR,"QB62","5","-","-","2 out of 5 stars","-"
"848",16,"Ihmir Smith-Marsette",ARI,"WR360","14","-","-","2 out of 5 stars","-"
"849",16,"CJ Williams",JAC,"WR361","7","-","-","4 out of 5 stars","-"
"850",16,"Sterling Shepard",HOU,"WR362","8","-","-","3 out of 5 stars","-"
"851",16,"Josh Reynolds",FA,"WR363","-","-","-","-","-"
"852",16,"Russell Gage Jr.",FA,"WR364","-","-","-","-","-"
"853",16,"Jordan Akins",FA,"TE199","-","-","-","-","-"
"854",16,"Ainias Smith",FA,"WR365","-","-","-","-","-"
"855",16,"Brock Lampe",SEA,"RB229","11","-","-","4 out of 5 stars","-"
"856",16,"Devonte Boyd",FA,"WR366","-","-","-","-","-"
"857",16,"Irv Smith Jr.",FA,"TE200","-","-","-","-","-"
"858",16,"Harrison Bryant",FA,"TE201","-","-","-","-","-"
"859",16,"Montrell Johnson Jr.",FA,"RB230","-","-","-","-","-"
"860",16,"Chase Edmonds",WAS,"RB231","7","-","-","4 out of 5 stars","-"
"861",16,"Kadarius Toney",FA,"WR367","-","-","-","-","-"
"862",16,"Deon Jackson",FA,"RB232","-","-","-","-","-"
"863",16,"Luke Grimm",LAC,"WR368","7","-","-","2 out of 5 stars","-"
"864",16,"Elijah Dotson",FA,"RB233","-","-","-","-","-"
"865",16,"Le'Meke Brockington",FA,"WR369","-","-","-","-","-"
"866",16,"Avery Williams",FA,"RB234","-","-","-","-","-"
"867",16,"Mitchell Trubisky",TEN,"QB63","9","-","-","3 out of 5 stars","-"
"868",16,"Traeshon Holden",FA,"WR370","-","-","-","-","-"
"869",16,"Jordan Mims",FA,"RB235","-","-","-","-","-"
"870",16,"E.J. Horton Jr.",FA,"WR371","-","-","-","-","-"
"871",16,"Anthony Firkser",FA,"TE202","-","-","-","-","-"
"872",16,"Kenny Yeboah",FA,"TE203","-","-","-","-","-"
"873",16,"Luke Lachey",FA,"TE204","-","-","-","-","-"
"874",16,"Dominic Richardson",NYJ,"RB236","13","-","-","3 out of 5 stars","-"
"875",16,"Lincoln Pare",FA,"RB237","-","-","-","-","-"
"876",16,"Jeremiah Webb",NE,"WR372","11","-","-","2 out of 5 stars","-"
"877",16,"Brady Cook",NYJ,"QB64","13","-","-","4 out of 5 stars","-"
"878",16,"Carson Wentz",MIN,"QB65","6","-","-","5 out of 5 stars","-"
"879",16,"Will Levis",TEN,"QB66","9","-","-","3 out of 5 stars","-"
"880",16,"Quali Conley",FA,"RB238","-","-","-","-","-"
"881",16,"Kyron Hudson",FA,"WR373","-","-","-","-","-"
"882",16,"Sam Howell",DAL,"QB67","14","-","-","2 out of 5 stars","-"
"883",16,"Nick Boyle",FA,"TE205","-","-","-","-","-"
"884",16,"Hunter Renfrow",FA,"WR374","-","-","-","-","-"
"885",16,"Mante Morrow",FA,"WR375","-","-","-","-","-"
"886",16,"Noah Togiai",FA,"TE206","-","-","-","-","-"
"887",16,"Marcedes Lewis",FA,"TE207","-","-","-","-","-"
"888",16,"Jase McClellan",FA,"RB239","-","-","-","-","-"
"889",16,"Omarius Hines",FA,"WR376","-","-","-","-","-"
"890",16,"DT Sheffield",FA,"WR377","-","-","-","-","-"
"891",16,"Riley Nowakowski",PIT,"TE208","9","-","-","2 out of 5 stars","-"
"892",16,"Blake Watson",FA,"RB240","-","-","-","-","-"
"893",16,"Jonathan Ward",BAL,"RB241","13","-","-","3 out of 5 stars","-"
"894",16,"Dale Moss",FA,"WR378","-","-","-","-","-"
"895",16,"Kevin Harris",FA,"RB242","-","-","-","-","-"
"896",16,"Graig Cooper",FA,"RB243","-","-","-","-","-"
"897",16,"Logan Thomas",FA,"TE209","-","-","-","-","-"
"898",16,"Anthony McFarland Jr.",FA,"RB244","-","-","-","-","-"
"899",16,"Dan Chisena",CAR,"WR379","5","-","-","2 out of 5 stars","-"
"900",16,"Malik Taylor",FA,"WR380","-","-","-","-","-"
"901",16,"Bisi Johnson",FA,"WR381","-","-","-","-","-"
"902",16,"Jonathan Williams",FA,"RB245","-","-","-","-","-"
"903",16,"Jalen Walthall",FA,"WR382","-","-","-","-","-"
"904",16,"John Hurst",FA,"WR383","-","-","-","-","-"
"905",16,"Nick Bawden",FA,"RB246","-","-","-","-","-"
"906",16,"Wendell Smallwood",FA,"RB247","-","-","-","-","-"
"907",16,"Kejon Owens",FA,"RB248","-","-","-","-","-"
"908",16,"Jonathan Brady",FA,"WR384","-","-","-","-","-"
"909",16,"Chris Evans",FA,"RB249","-","-","-","-","-"
"910",16,"Ross Dwelley",FA,"TE210","-","-","-","-","-"
"911",16,"Ryan Griffin",FA,"TE211","-","-","-","-","-"
"912",16,"Jimmy Kibble",NE,"WR385","11","-","-","2 out of 5 stars","-"
"913",16,"Tucker Fisk",FA,"TE212","-","-","-","-","-"
"914",16,"Geoff Swaim",FA,"TE213","-","-","-","-","-"
"915",16,"Jesper Horsted",FA,"TE214","-","-","-","-","-"
"916",16,"Michael Jacobson",FA,"TE215","-","-","-","-","-"
"917",16,"Brenden Rice",FA,"WR386","-","-","-","-","-"
"918",16,"Colton Dowell",FA,"WR387","-","-","-","-","-"
"919",16,"Tyler Davis",FA,"WR388","-","-","-","-","-"
"920",16,"Nelson Agholor",FA,"WR389","-","-","-","-","-"
"921",16,"Brycen Hopkins",FA,"TE216","-","-","-","-","-"
"922",16,"Curtis Hodges",FA,"TE217","-","-","-","-","-"
"923",16,"DeAndre Carter",FA,"WR390","-","-","-","-","-"
"924",16,"Gerald Everett",FA,"TE218","-","-","-","-","-"
"925",16,"Marquez Callaway",FA,"WR391","-","-","-","-","-"
"926",16,"Mitchell Wilcox",FA,"TE219","-","-","-","-","-"
"927",16,"Peyton Hendershot",FA,"TE220","-","-","-","-","-"
"928",16,"Dee Eskridge",FA,"WR392","-","-","-","-","-"
"929",16,"Zach Gentry",FA,"TE221","-","-","-","-","-"
"930",16,"Allen Lazard",FA,"WR393","-","-","-","-","-"
"931",16,"Anthony Schwartz",FA,"WR394","-","-","-","-","-"
"932",16,"Brandon Powell",FA,"WR395","-","-","-","-","-"
"933",16,"Byron Pringle",FA,"WR396","-","-","-","-","-"
"934",16,"Cody Thompson",FA,"WR397","-","-","-","-","-"
"935",16,"Daurice Fountain",FA,"WR398","-","-","-","-","-"
"936",16,"Equanimeous St. Brown",FA,"WR399","-","-","-","-","-"
"937",16,"Isaiah McKenzie",FA,"WR400","-","-","-","-","-"
"938",16,"Jalen Guyton",FA,"WR401","-","-","-","-","-"
"939",16,"James Proche II",FA,"WR402","-","-","-","-","-"
"940",16,"Javon Baker",FA,"WR403","-","-","-","-","-"
"941",16,"Justin Shorter",LV,"WR404","13","-","-","2 out of 5 stars","-"
"942",16,"Laviska Shenault Jr.",FA,"WR405","-","-","-","-","-"
"943",16,"Rakim Jarrett",FA,"WR406","-","-","-","-","-"
"944",16,"Trishton Jackson",FA,"WR407","-","-","-","-","-"
"945",16,"Zach Pascal",FA,"WR408","-","-","-","-","-"
"946",16,"Ross Travis",FA,"TE222","-","-","-","-","-"