"RK",TIERS,"PLAYER NAME",TEAM,"FANTASYPTS","YDS","TDS","REC","YDS","TDS","ATT","YDS","TDS"
"1",1,"Josh Allen",BUF,"374.6","3668","25","0","0","0","112","579","14"
"2",1,"Lamar Jackson",BAL,"221.9","2549","21","0","0","0","67","349","2"
"3",1,"Drake Maye",NE,"359.5","4394","31","1","2","0","103","450","4"
"4",1,"Joe Burrow",CIN,"139.5","1809","17","0","0","0","14","41","0"
"5",1,"Jayden Daniels",WAS,"117.3","1262","8","0","0","0","58","278","2"
"6",1,"Jalen Hurts",PHI,"305.1","3224","25","0","0","0","105","421","8"
"7",1,"Jahmyr Gibbs",DET,"328.4","0","0","77","616","5","243","1223","13"
"8",2,"Ja'Marr Chase",CIN,"251.1","0","0","125","1412","8","3","14","0"
"9",2,"Bijan Robinson",ATL,"331.3","0","0","79","820","4","287","1478","7"
"10",2,"Caleb Williams",CHI,"324.2","3942","27","2","22","1","77","383","3"
"11",2,"Justin Herbert",LAC,"299.9","3727","26","0","0","0","83","498","2"
"12",2,"Puka Nacua",LAR,"310.5","0","0","129","1715","10","10","105","1"
"13",2,"Jaxon Smith-Njigba",SEA,"300.4","0","0","119","1793","10","7","36","0"
"14",2,"Trevor Lawrence",JAC,"350.2","4007","29","0","0","0","82","359","9"
"15",2,"Dak Prescott",DAL,"323.8","4552","30","0","0","0","53","177","2"
"16",2,"Amon-Ra St. Brown",DET,"265.5","0","0","117","1401","11","3","9","0"
"17",2,"Christian McCaffrey",SF,"365.6","0","0","102","924","7","311","1202","10"
"18",2,"Jonathan Taylor",IND,"339.3","0","0","46","378","2","323","1585","18"
"19",3,"CeeDee Lamb",DAL,"163.4","0","0","75","1077","3","1","2","0"
"20",3,"Brock Purdy",SF,"187.4","2167","20","0","0","0","33","147","3"
"21",3,"James Cook III",BUF,"285.7","0","0","33","291","2","309","1621","12"
"22",3,"Justin Jefferson",MIN,"159.5","0","0","84","1048","2","2","7","0"
"23",3,"Jaxson Dart",NYG,"246.6","2272","15","0","0","0","86","487","9"
"24",3,"Bo Nix",DEN,"315.8","3931","25","0","0","0","83","356","5"
"25",3,"Patrick Mahomes II",KC,"296.2","3587","22","1","-10","0","64","422","5"
"26",3,"Chase Brown",CIN,"248.1","0","0","69","437","5","232","1019","6"
"",3
"27",3,"Drake London",ATL,"167.9","0","0","68","919","7","0","0","0"
"28",3,"A.J. Brown",NE,"181.3","0","0","78","1003","7","0","0","0"
"29",3,"Matthew Stafford",LAR,"358.4","4707","46","0","0","0","29","1","0"
"30",3,"Saquon Barkley",PHI,"213.8","0","0","37","273","2","280","1140","7"
"31",3,"Jared Goff",DET,"305.1","4564","34","0","0","0","19","45","0"
"32",3,"De'Von Achane",MIA,"289.3","0","0","67","488","4","238","1350","8"
"33",3,"Nico Collins",HOU,"190.7","0","0","71","1117","6","2","15","1"
"34",3,"Brock Bowers",LV,"144.2","0","0","64","680","7","2","2","0"
"35",3,"Omarion Hampton",LAC,"119.7","0","0","32","192","1","124","545","4"
"36",4,"Derrick Henry",BAL,"272","0","0","15","150","0","307","1595","16"
"37",4,"Kenneth Walker III",KC,"176.4","0","0","31","282","0","221","1027","5"
"38",4,"Kyler Murray",MIN,"80.8","962","6","0","0","0","29","173","1"
"39",4,"George Pickens",DAL,"245.4","0","0","93","1429","9","0","0","0"
"40",4,"Chris Olave",NO,"219","0","0","100","1163","9","1","-3","0"
"41",4,"Trey McBride",ARI,"252.9","0","0","126","1239","11","0","0","0"
"42",4,"Ashton Jeanty",LV,"217.6","0","0","55","346","5","266","975","5"
"43",4,"Malik Nabers",NYG,"48.1","0","0","18","271","2","0","0","0"
"44",4,"Baker Mayfield",TB,"282.9","3693","26","0","0","0","55","382","1"
"45",4,"Rashee Rice",KC,"123.6","0","0","53","571","5","5","20","1"
"46",4,"Jordan Love",GB,"241.1","3381","23","0","0","0","47","199","0"
"47",4,"DeVonta Smith",PHI,"163.3","0","0","77","1008","4","0","0","0"
"48",4,"Tyler Shough",NO,"164","2384","10","0","0","0","45","186","3"
"49",4,"Zay Flowers",BAL,"200.3","0","0","86","1211","5","10","62","1"
"50",4,"Kyren Williams",LAR,"245.3","0","0","36","281","3","259","1252","10"
"51",4,"Tee Higgins",CIN,"182.1","0","0","59","846","11","0","0","0"
"52",4,"Malik Willis",MIA,"51.2","422","3","0","0","0","22","123","2"
"53",4,"Javonte Williams",DAL,"225.3","0","0","35","137","2","252","1201","11"
"54",4,"Tetairoa McMillan",CAR,"176.4","0","0","70","1014","7","0","0","0"
"55",4,"Breece Hall",NYJ,"189.7","4","1","36","350","1","243","1065","4"
"56",5,"Garrett Wilson",NYJ,"81.5","0","0","36","395","4","0","0","0"
"57",5,"Josh Jacobs",GB,"219.1","0","0","36","282","1","234","929","13"
"58",5,"Ladd McConkey",LAC,"147.9","0","0","66","789","6","0","0","0"
"59",5,"Jaylen Waddle",DEN,"162.1","8","0","64","910","6","2","28","0"
"60",5,"Emeka Egbuka",TB,"164.2","0","0","63","938","6","2","9","0"
"61",5,"Jeremiyah Love",ARI,"0","0","0","0","0","0","0","0","0"
"62",5,"Colston Loveland",CHI,"136.1","0","0","58","713","6","1","-2","0"
"63",5,"C.J. Stroud",HOU,"216.5","3041","19","0","0","0","48","209","1"
"64",5,"Travis Etienne Jr.",NO,"235.9","0","0","36","292","6","260","1107","7"
"65",5,"Terry McLaurin",WAS,"95.2","0","0","38","582","3","0","0","0"
"66",5,"Sam Darnold",SEA,"249.4","4048","25","0","0","0","35","95","0"
"67",5,"Davante Adams",LAR,"192.9","0","0","60","789","14","0","0","0"
"68",5,"Cam Ward",TEN,"193.7","3169","15","0","0","0","39","159","2"
"69",5,"D'Andre Swift",CHI,"211.6","0","0","34","299","1","223","1087","9"
"70",5,"Luther Burden III",CHI,"104.4","0","0","47","652","2","6","37","0"
"71",5,"Daniel Jones",IND,"234.4","3101","19","0","0","0","45","164","5"
"72",5,"Cam Skattebo",NYG,"115.7","0","0","24","207","2","101","410","5"
"73",5,"Tyler Warren",IND,"150.5","0","0","76","817","4","6","8","1"
"74",5,"Jameson Williams",DET,"187.4","0","0","65","1117","7","6","12","0"
"75",5,"Bucky Irving",TB,"123.5","0","0","30","277","3","173","588","1"
"76",5,"Quinshon Judkins",CLE,"156.8","0","0","26","171","0","230","827","7"
"77",5,"DJ Moore",BUF,"145.2","2","1","50","682","6","15","79","1"
"78",5,"David Montgomery",HOU,"154.9","3","1","24","192","0","158","716","8"
"79",5,"Mike Evans",SF,"69.8","0","0","30","368","3","0","0","0"
"80",5,"Christian Watson",GB,"114.9","0","0","35","611","6","1","3","0"
"81",5,"Rome Odunze",CHI,"124.1","0","0","44","661","6","0","0","0"
"82",5,"Bhayshul Tuten",JAC,"83.6","0","0","10","79","2","83","307","5"
"83",6,"TreVeyon Henderson",NE,"188.7","0","0","35","221","1","180","911","9"
"84",6,"Bryce Young",CAR,"229","3011","23","0","0","0","54","216","2"
"85",6,"Jadarian Price",SEA,"0","0","0","0","0","0","0","0","0"
"86",6,"Parker Washington",JAC,"155.7","0","0","58","847","5","7","0","0"
"87",6,"Tucker Kraft",GB,"101.2","0","0","32","489","6","1","3","0"
"88",6,"Carnell Tate",TEN,"0","0","0","0","0","0","0","0","0"
"89",6,"Marvin Harrison Jr.",ARI,"107.3","0","0","41","608","4","0","0","0"
"90",6,"Jacoby Brissett",ARI,"235.4","3366","23","0","0","0","38","168","1"
"",6
"91",6,"Jaylen Warren",PIT,"197.1","0","0","40","333","2","211","958","6"
"92",6,"Rhamondre Stevenson",NE,"162.8","0","0","32","345","2","130","603","7"
"93",6,"Brian Thomas Jr.",JAC,"114.8","0","0","48","707","2","3","21","1"
"94",6,"Tony Pollard",TEN,"169.3","0","0","33","206","0","242","1082","5"
"95",6,"DK Metcalf",PIT,"157.7","0","0","59","850","6","2","12","1"
"96",6,"Harold Fannin Jr.",CLE,"150.4","0","0","72","731","6","7","13","1"
"97",6,"Sam LaPorta",DET,"86.9","0","0","40","489","3","0","0","0"
"98",6,"Rico Dowdle",PIT,"196.8","0","0","39","297","1","236","1076","6"
"99",6,"Chris Godwin Jr.",TB,"66.5","0","0","33","360","2","0","0","0"
"100",6,"Courtland Sutton",DEN,"182.7","0","0","74","1017","7","0","0","0"
"101",6,"Kyle Pitts Sr.",ATL,"166.8","0","0","88","928","5","0","0","0"
"102",6,"Jonathon Brooks",CAR,"0","0","0","0","0","0","0","0","0"
"103",6,"J.K. Dobbins",DEN,"110.4","0","0","11","37","0","153","772","4"
"104",6,"Michael Pittman Jr.",PIT,"162.4","0","0","80","784","7","0","0","0"
"105",6,"Michael Wilson",ARI,"181.6","0","0","78","1006","7","0","0","0"
"106",6,"Quentin Johnston",LAC,"145.7","0","0","51","735","8","2","7","0"
"107",6,"Alec Pierce",IND,"159.8","0","0","47","1003","6","0","0","0"
"108",6,"Blake Corum",LAR,"118.2","0","0","8","36","0","145","746","6"
"109",6,"Geno Smith",NYJ,"190.9","3025","19","0","0","0","41","109","0"
"110",6,"Chuba Hubbard",CAR,"110.4","0","0","30","223","3","134","511","1"
"111",6,"Josh Downs",IND,"107.4","0","0","58","566","4","2","-2","0"
"112",6,"George Kittle",SF,"133","0","0","57","628","7","1","-3","0"
"113",6,"Wan'Dale Robinson",TEN,"171.9","0","0","92","1014","4","3","5","0"
"114",6,"RJ Harvey",DEN,"183.1","0","0","47","356","5","146","540","7"
"115",6,"Jacory Croskey-Merritt",WAS,"135.8","0","0","9","68","0","175","805","8"
"116",6,"Stefon Diggs",WAS,"167.8","0","0","85","1013","4","0","0","0"
"117",7,"Jordan Addison",MIN,"114.1","0","0","42","610","3","2","81","1"
"118",7,"Travis Kelce",KC,"155.2","0","0","76","851","5","1","1","0"
"119",7,"Jordan Mason",MIN,"121.9","0","0","14","51","0","159","758","6"
"120",7,"Kyle Monangai",CHI,"137.7","0","0","18","164","0","169","783","5"
"121",7,"Kenny Gainwell",TB,"184.8","0","0","73","486","3","114","537","5"
"122",7,"Jayden Reed",GB,"39","0","0","19","207","1","3","28","0"
"123",7,"Rachaad White",WAS,"123","0","0","40","218","0","132","572","4"
"124",7,"Jakobi Meyers",JAC,"138.3","0","0","75","835","3","5","13","0"
"125",7,"Makai Lemon",PHI,"0","0","0","0","0","0","0","0","0"
"126",7,"Dalton Kincaid",BUF,"106.6","0","0","39","571","5","0","0","0"
"127",7,"Aaron Jones Sr.",MIN,"104.7","0","0","28","199","1","132","548","2"
"128",7,"Dallas Goedert",PHI,"155.1","0","0","60","591","11","0","0","0"
"129",7,"Aaron Rodgers",PIT,"233.6","3322","24","1","-9","0","21","61","1"
"130",7,"Isaiah Likely",NYG,"48.2","0","0","27","307","1","0","0","0"
"131",7,"Mike Washington Jr.",LV,"0","0","0","0","0","0","0","0","0"
"132",7,"KC Concepcion",CLE,"0","0","0","0","0","0","0","0","0"
"133",7,"Mark Andrews",BAL,"107","0","0","48","422","5","10","48","1"
"134",7,"Xavier Worthy",KC,"88.9","0","0","42","532","1","11","87","0"
"135",7,"Jordyn Tyson",NO,"0","0","0","0","0","0","0","0","0"
"136",7,"Chris Rodriguez Jr.",JAC,"90.5","0","0","3","30","0","112","500","6"
"137",7,"Jalen Coker",CAR,"73.9","0","0","33","394","3","0","0","0"
"138",7,"Matthew Golden",GB,"55.5","0","0","29","361","0","10","49","0"
"139",7,"Khalil Shakir",BUF,"130.4","0","0","72","719","4","1","5","0"
"140",7,"Jake Ferguson",DAL,"147.1","0","0","82","600","8","1","1","0"
"141",7,"Tyler Allgeier",ARI,"116","0","0","14","96","0","143","514","8"
"142",7,"Woody Marks",HOU,"139.1","0","0","24","208","3","196","703","2"
"143",7,"Romeo Doubs",NE,"137.9","0","0","55","724","6","0","0","0"
"144",7,"Tyjae Spears",TEN,"89.2","0","0","45","264","0","72","283","2"
"145",7,"Deebo Samuel Sr.",SF,"152.2","0","0","72","727","5","17","75","1"
"146",7,"Juwan Johnson",NO,"141.4","0","0","77","889","3","0","0","0"
"147",7,"Tank Bigsby",PHI,"52.3","0","0","3","32","0","63","356","2"
"148",7,"Tyrone Tracy Jr.",NYG,"142.8","0","0","36","288","2","176","740","2"
"149",7,"Keaton Mitchell",LAC,"50.9","0","0","9","63","0","59","341","1"
"150",7,"De'Zhaun Stribling",SF,"0","0","0","0","0","0","0","0","0"
"151",7,"Zach Charbonnet",SEA,"171.4","0","0","20","144","0","184","730","12"
"152",7,"Hunter Henry",NE,"148.8","0","0","60","768","7","0","0","0"
"153",7,"Jonah Coleman",DEN,"0","0","0","0","0","0","0","0","0"
"154",7,"Chig Okonkwo",WAS,"96","0","0","56","560","2","0","0","0"
"155",7,"Brenton Strange",JAC,"95","0","0","46","540","3","0","0","0"
"156",8,"Alvin Kamara",NO,"84.2","0","0","33","186","0","131","471","1"
"157",8,"Dylan Sampson",CLE,"71.1","0","0","33","271","2","65","175","0"
"158",8,"Denzel Boston",CLE,"0","0","0","0","0","0","0","0","0"
"159",8,"Rashid Shaheed",SEA,"127.1","0","0","59","687","2","9","69","0"
"160",8,"Adonai Mitchell",NYJ,"71.4","0","0","33","453","2","1","-4","0"
"161",8,"Dalton Schultz",HOU,"136.7","0","0","82","777","3","0","0","0"
"162",8,"Isiah Pacheco",DET,"77.8","0","0","19","101","1","118","462","1"
"163",8,"Tre Tucker",LV,"133.2","0","0","57","696","5","11","51","0"
"164",8,"Brian Robinson Jr.",ATL,"58.5","0","0","8","25","0","92","400","2"
"165",8,"Jerry Jeudy",CLE,"95.7","0","0","50","602","2","1","5","0"
"166",8,"Jauan Jennings",MIN,"145.8","0","0","55","643","9","0","0","0"
"167",8,"Braelon Allen",NYJ,"14.3","0","0","2","17","0","18","76","1"
"168",8,"Jalen McMillan",TB,"23.9","0","0","12","178","0","1","1","0"
"169",8,"Fernando Mendoza",LV,"0","0","0","0","0","0","0","0","0"
"170",8,"Tua Tagovailoa",ATL,"175.7","2660","20","0","0","0","20","43","0"
"171",8,"T.J. Hockenson",MIN,"87.3","0","0","51","438","3","1","0","0"
"172",8,"MarShawn Lloyd",GB,"0","0","0","0","0","0","0","0","0"
"173",8,"AJ Barner",SEA,"121.3","0","0","52","519","6","10","14","1"
"174",8,"Oronde Gadsden II",LAC,"106.9","0","0","49","664","3","0","0","0"
"175",8,"Jalen Nailor",LV,"86.2","0","0","29","444","4","2","13","0"
"176",8,"Dontayvion Wicks",PHI,"60.8","0","0","30","332","2","1","6","0"
"177",8,"Terrance Ferguson",LAR,"46.6","0","0","11","231","3","1","0","0"
"178",8,"Tre' Harris",LAC,"54.4","0","0","30","324","1","2","10","0"
"179",8,"Ray Davis",BUF,"59.1","0","0","10","86","2","58","275","0"
"180",8,"Emmett Johnson",KC,"0","0","0","0","0","0","0","0","0"
"181",8,"Omar Cooper Jr.",NYJ,"0","0","0","0","0","0","0","0","0"
"182",8,"Kenyon Sadiq",NYJ,"0","0","0","0","0","0","0","0","0"
"183",8,"Pat Bryant",DEN,"59.3","0","0","31","378","1","0","0","0"
"184",8,"Ryan Flournoy",DAL,"94","0","0","40","475","4","4","25","0"
"185",8,"Malik Washington",MIA,"93.7","0","0","46","317","3","17","110","1"
"186",8,"Sean Tucker",TB,"87.4","0","0","8","34","1","86","320","7"
"187",8,"Keenan Allen",IND,"142.2","0","0","81","777","4","0","0","0"
"188",8,"Kayshon Boutte",NE,"107.6","0","0","33","551","6","0","0","0"
"189",8,"Tank Dell",HOU,"0","0","0","0","0","0","0","0","0"
"190",8,"Gunnar Helm",TEN,"69.7","0","0","44","357","2","0","0","0"
"191",8,"Nicholas Singleton",TEN,"0","0","0","0","0","0","0","0","0"
"192",8,"Calvin Ridley",TEN,"38.8","0","0","17","303","0","0","0","0"
"193",8,"Cade Otton",TB,"92.7","0","0","59","572","1","0","0","0"
"194",8,"Jaylin Noel",HOU,"55.4","0","0","26","292","2","6","12","0"
"195",8,"Kimani Vidal",LAC,"109.9","0","0","16","136","1","155","643","3"
"196",8,"Pat Freiermuth",PIT,"93.1","0","0","41","486","4","0","0","0"
"197",8,"Travis Hunter",JAC,"49.8","0","0","28","298","1","1","0","0"
"198",8,"Isaac TeSlaa",DET,"67.9","0","0","16","239","6","0","0","0"
"199",8,"Kaytron Allen",WAS,"0","0","0","0","0","0","0","0","0"
"200",9,"Rashod Bateman",BAL,"45.9","0","0","19","224","2","0","0","0"
"201",9,"Jaydon Blue",DAL,"19.9","0","0","1","5","0","38","129","1"
"202",9,"James Conner",ARI,"29.3","0","0","8","38","1","32","95","1"
"203",9,"Darnell Mooney",NYG,"66.3","0","0","32","443","1","0","0","0"
"204",9,"Emanuel Wilson",SEA,"87","0","0","15","99","0","125","496","3"
"205",9,"Michael Penix Jr.",ATL,"123.3","1982","9","0","0","0","21","70","1"
"206",9,"David Njoku",LAC,"69.8","0","0","33","293","4","0","0","0"
"207",9,"Cooper Kupp",SEA,"93.8","0","0","47","593","2","0","0","0"
"208",9,"Troy Franklin",DEN,"144.6","0","0","65","709","6","5","12","0"
"209",9,"Jaylen Wright",MIA,"45.7","0","0","5","44","0","70","288","2"
"210",9,"Evan Engram",DEN,"77.8","0","0","50","461","1","1","7","0"
"211",9,"Colby Parkinson",LAR,"108.3","0","0","43","408","8","0","0","0"
"212",9,"Kirk Cousins",LV,"108.5","1721","10","0","0","0","14","7","1"
"213",9,"George Holani",SEA,"19.8","0","0","2","15","0","22","73","1"
"214",9,"Germie Bernard",PIT,"0","0","0","0","0","0","0","0","0"
"215",9,"Ollie Gordon II",MIA,"50.6","0","0","7","32","1","70","199","3"
"216",9,"Deshaun Watson",CLE,"0","0","0","0","0","0","0","0","0"
"217",9,"Jack Bech",LV,"32.4","0","0","20","224","0","0","0","0"
"218",9,"Justice Hill",BAL,"54.7","0","0","21","169","1","18","93","2"
"219",9,"Zachariah Branch",ATL,"0","0","0","0","0","0","0","0","0"
"220",9,"Malachi Fields",NYG,"0","0","0","0","0","0","0","0","0"
"221",9,"Demond Claiborne",MIN,"0","0","0","0","0","0","0","0","0"
"222",9,"Antonio Williams",WAS,"0","0","0","0","0","0","0","0","0"
"223",9,"Isaiah Davis",NYJ,"60.7","0","0","21","186","0","43","236","1"
"224",9,"Devaughn Vele",NO,"53.8","0","0","25","293","2","0","0","0"
"225",9,"Tory Horton",SEA,"58.6","0","0","13","161","5","0","0","0"
"226",9,"Samaje Perine",CIN,"69.4","0","0","17","87","0","84","382","3"
"227",9,"Ted Hurst III",TB,"0","0","0","0","0","0","0","0","0"
"228",9,"Chris Bell",MIA,"0","0","0","0","0","0","0","0","0"
"229",9,"Chris Brooks",GB,"26.2","0","0","13","91","0","27","106","0"
"230",9,"Keon Coleman",BUF,"83.4","0","0","38","404","4","0","0","0"
"231",9,"Elic Ayomanor",TEN,"96","0","0","41","515","4","0","0","0"
"232",9,"Shedeur Sanders",CLE,"94.9","1400","7","0","0","0","21","169","1"
"233",9,"Chimere Dike",TEN,"102.1","0","0","48","423","4","11","18","0"
"234",9,"Kaelon Black",SF,"0","0","0","0","0","0","0","0","0"
"235",9,"Najee Harris",NYG,"10.1","0","0","3","25","0","15","61","0"
"236",9,"Jordan James",SF,"0","0","0","0","0","0","0","0","0"
"237",9,"Ty Johnson",BUF,"88.3","0","0","24","263","2","50","200","3"
"238",9,"LeQuint Allen Jr.",JAC,"19.8","0","0","10","54","0","23","94","0"
"239",9,"Ja'Kobi Lane",BAL,"0","0","0","0","0","0","0","0","0"
"240",9,"Mason Taylor",NYJ,"66.9","0","0","44","369","1","0","0","0"
"241",9,"Tyquan Thornton",KC,"71.3","0","0","19","438","3","0","0","0"
"242",9,"Christian Kirk",SF,"43.9","0","0","28","239","1","0","0","0"
"243",9,"DJ Giddens",IND,"9.6","0","0","0","0","0","26","96","0"
"244",9,"Elijah Sarratt",BAL,"0","0","0","0","0","0","0","0","0"
"245",9,"Darius Slayton",NYG,"80.3","0","0","37","538","1","0","0","0"
"246",9,"Xavier Legette",CAR,"71.8","0","0","35","363","3","1","0","0"
"247",9,"Greg Dulcich",MIA,"49.8","0","0","26","335","1","1","-7","0"
"248",9,"Theo Johnson",NYG,"105.3","0","0","45","528","5","0","0","0"
"249",9,"Malik Davis",DAL,"39.6","0","0","2","16","0","52","250","2"
"250",9,"Trey Benson",ARI,"28.9","0","0","13","64","0","29","160","0"
"251",9,"Marvin Mims Jr.",DEN,"74.5","0","0","37","322","1","12","78","1"
"252",9,"Caleb Douglas",MIA,"0","0","0","0","0","0","0","0","0"
"253",9,"Adam Randall",BAL,"0","0","0","0","0","0","0","0","0"
"254",9,"Eli Stowers",PHI,"0","0","0","0","0","0","0","0","0"
"255",9,"Devin Neal",NO,"51.5","0","0","17","104","0","57","206","2"
"256",9,"Kendre Miller",NO,"30.8","0","0","5","30","0","47","193","1"
"257",9,"Seth McGowan",IND,"0","0","0","0","0","0","0","0","0"
"258",9,"Brashard Smith",KC,"50.8","0","0","25","172","1","44","151","0"
"259",9,"Emari Demercado",KC,"51.8","0","0","13","101","1","44","312","0"
"260",9,"Devin Singletary",NYG,"99.8","0","0","18","151","0","119","437","5"
"261",9,"Trevor Etienne",CAR,"10.2","0","0","3","13","0","20","94","0"
"262",9,"Hollywood Brown",PHI,"113.2","0","0","49","587","5","0","0","0"
"263",9,"Kaleb Johnson",PIT,"8.3","0","0","1","9","0","28","69","0"
"264",10,"Mack Hollins",NE,"90.4","0","0","46","550","2","1","4","0"
"265",10,"Tahj Brooks",CIN,"5.9","0","0","1","9","0","16","45","0"
"266",10,"Cyrus Allen",KC,"0","0","0","0","0","0","0","0","0"
"267",10,"Isaac Guerendo",SF,"0","0","0","0","0","0","0","0","0"
"268",10,"Mike Gesicki",CIN,"56.7","0","0","28","307","2","0","0","0"
"269",10,"Kyle Williams",NE,"44.2","0","0","10","209","3","2","3","0"
"270",10,"Jerome Ford",WAS,"30.6","0","0","26","103","0","24","73","0"
"271",10,"Jarquez Hunter",LAR,"0","0","0","0","0","0","0","0","0"
"272",10,"Isaiah Bond",CLE,"45.7","0","0","18","338","0","5","29","0"
"273",10,"Jaleel McLaughlin",DEN,"29.4","0","0","4","27","0","37","187","1"
"274",10,"Audric Estime",NO,"42.1","0","0","12","103","0","46","198","1"
"275",10,"Skyler Bell",BUF,"0","0","0","0","0","0","0","0","0"
"276",10,"Brandon Aiyuk",SF,"0","0","0","0","0","0","0","0","0"
"277",10,"Will Shipley",PHI,"13","0","0","9","56","0","14","49","0"
"278",10,"Jake Tonges",SF,"76.3","0","0","34","293","5","0","0","0"
"279",10,"Tyreek Hill",FA,"43","0","0","21","265","1","0","0","0"
"280",10,"Andrei Iosivas",CIN,"73.4","0","0","33","435","2","3","14","0"
"281",10,"Darnell Washington",PIT,"57.9","0","0","31","364","1","0","0","0"
"282",10,"Oscar Delp",NO,"0","0","0","0","0","0","0","0","0"
"283",10,"Darren Waller",CAR,"76.7","0","0","24","283","6","1","4","0"
"284",10,"Michael Mayer",LV,"56.3","0","0","35","328","1","0","0","0"
"285",10,"Kareem Hunt",FA,"136.4","0","0","18","143","1","163","611","8"
"286",10,"Jahan Dotson",ATL,"41.2","0","0","18","262","1","0","0","0"
"287",10,"Joe Mixon",FA,"0","0","0","0","0","0","0","0","0"
"288",10,"Elijah Arroyo",SEA,"29.4","0","0","15","179","1","0","0","0"
"289",10,"Jalen Tolbert",MIA,"37.3","0","0","18","203","1","0","0","0"
"290",10,"DeMario Douglas",NE,"80.3","0","0","31","447","3","7","21","0"
"291",10,"Erick All Jr.",CIN,"0","0","0","0","0","0","0","0","0"
"292",10,"Eli Raridon",NE,"0","0","0","0","0","0","0","0","0"
"293",10,"Cedric Tillman",CLE,"49.5","0","0","21","270","2","0","0","0"
"294",10,"Noah Gray",KC,"28.3","0","0","21","178","0","0","0","0"
"295",10,"Tyler Higbee",LAR,"58.6","0","0","25","281","3","0","0","0"
"296",10,"Bryce Lance",NO,"0","0","0","0","0","0","0","0","0"
"297",11,"Konata Mumpfield",LAR,"20.2","0","0","10","92","1","0","0","0"
"298",11,"Cole Kmet",CHI,"63.7","0","0","30","347","2","0","0","0"
"299",11,"Dawson Knox",BUF,"85.7","0","0","36","417","4","0","0","0"
"300",11,"Calvin Austin III",NYG,"70.7","0","0","31","372","3","0","0","0"
"301",11,"Tez Johnson",TB,"78.6","0","0","28","322","5","8","24","0"
"302",11,"Xavier Hutchinson",HOU,"80.5","0","0","35","428","3","3","22","0"
"303",11,"Charlie Kolar",LAC,"31.2","0","0","10","142","2","0","0","0"
"304",11,"Max Klare",LAR,"0","0","0","0","0","0","0","0","0"
"305",11,"Luke McCaffrey",WAS,"45.8","0","0","11","203","3","0","0","0"
"306",11,"Chris Brazzell II",CAR,"0","0","0","0","0","0","0","0","0"
"307",11,"Bam Knight",ARI,"81.9","0","0","22","160","1","82","269","4"
"308",11,"Jalen Royals",KC,"1.4","0","0","2","4","0","0","0","0"
"309",11,"Olamide Zaccheaus",ATL,"65.3","0","0","39","313","2","4","25","0"
"310",11,"Joshua Palmer",BUF,"41.3","0","0","22","303","0","0","0","0"
"311",11,"Ja'Tavion Sanders",CAR,"39.5","0","0","29","190","1","0","0","0"
"312",11,"Brenen Thompson",LAC,"0","0","0","0","0","0","0","0","0"
"313",11,"Kendrick Bourne",ARI,"73.6","0","0","37","551","0","0","0","0"
"314",11,"Eli Heidenreich",PIT,"0","0","0","0","0","0","0","0","0"
"315",11,"Justin Joly",DEN,"0","0","0","0","0","0","0","0","0"
"316",11,"Carson Beck",ARI,"0","0","0","0","0","0","0","0","0"
"317",11,"Treylon Burks",WAS,"24","0","0","10","130","1","0","0","0"
"318",11,"Michael Carter",TEN,"82.5","0","0","33","267","0","92","333","1"
"319",11,"J.J. McCarthy",MIN,"137.4","1632","11","0","0","0","37","181","4"
"320",11,"Dont'e Thornton Jr.",LV,"18.5","0","0","10","135","0","0","0","0"
"321",11,"Jawhar Jordan",HOU,"26.2","0","0","7","34","0","43","193","0"
"322",11,"Kalif Raymond",CHI,"54.8","0","0","24","289","1","2","19","0"
"323",11,"Tommy Tremble",CAR,"50.4","0","0","27","249","2","0","0","0"
"324",11,"Kevin Coleman Jr.",MIA,"0","0","0","0","0","0","0","0","0"
"325",11,"Noah Fant",NO,"57.8","0","0","34","288","3","0","0","0"
"326",11,"Roman Wilson",PIT,"0","0","0","12","166","2","0","0","0"
"327",11,"KaVontae Turpin",DAL,"71.5","0","0","26","396","2","17","89","0"
"328",11,"Phil Mafah",DAL,"9.9","0","0","2","11","0","5","18","1"
"329",11,"Malik Benson",LV,"0","0","0","0","0","0","0","0","0"
"330",11,"Raheim Sanders",CLE,"18.8","0","0","3","21","0","27","92","1"
"331",11,"J'Mari Taylor",JAC,"0","0","0","0","0","0","0","0","0"
"332",11,"Jam Miller",NE,"0","0","0","0","0","0","0","0","0"
"333",11,"Savion Williams",GB,"20.5","0","0","10","78","1","11","37","0"
"334",11,"Jaylin Lane",WAS,"41.2","0","0","16","225","0","1","7","0"
"335",11,"John Metchie III",CAR,"55.4","0","0","33","274","2","3","-5","0"
"336",11,"Roschon Johnson",CHI,"1.7","0","0","0","0","0","2","17","0"
"337",11,"Demarcus Robinson",SF,"47.2","0","0","22","276","1","1","6","0"
"338",11,"Luke Musgrave",GB,"37.2","0","0","24","252","0","0","0","0"
"339",11,"Ben Sinnott",WAS,"22.9","0","0","11","114","1","0","0","0"
"340",11,"CJ Daniels",LAR,"0","0","0","0","0","0","0","0","0"
"341",11,"Austin Ekeler",FA,"10.6","0","0","5","38","0","14","43","0"
"342",11,"Jordan Whittington",LAR,"27.3","0","0","18","171","0","3","12","0"
"343",11,"Mitchell Evans",CAR,"38.7","0","0","19","171","2","1","1","0"
"344",11,"Daniel Bellinger",TEN,"50.1","0","0","19","286","2","0","0","0"
"345",11,"Colbie Young",CIN,"0","0","0","0","0","0","0","0","0"
"346",11,"Nick Westbrook-Ikhine",IND,"14.4","0","0","11","89","0","0","0","0"
"347",11,"Devontez Walker",BAL,"34.6","0","0","6","136","3","0","0","0"
"348",11,"Austin Hooper",ATL,"48.8","0","0","21","263","2","0","0","0"
"349",11,"Rasheen Ali",BAL,"19.7","0","0","9","68","1","7","24","0"
"350",11,"Zavion Thomas",CHI,"0","0","0","0","0","0","0","0","0"
"351",11,"John Bates",WAS,"21.8","0","0","11","103","1","0","0","0"
"352",11,"Mac Jones",SF,"136","2151","13","0","0","0","36","60","0"
"353",11,"Barion Brown",NO,"0","0","0","0","0","0","0","0","0"
"354",11,"Ashton Dulin",IND,"17.5","0","0","5","106","0","3","44","0"
"355",11,"Greg Dortch",DET,"60.6","0","0","29","206","3","7","15","1"
"356",11,"Damien Martinez",GB,"0","0","0","0","0","0","0","0","0"
"357",11,"Kyle Juszczyk",SF,"45","0","0","24","213","2","2","-3","0"
"358",11,"Tutu Atwell",MIA,"28.2","0","0","6","192","1","0","0","0"
"359",11,"Ty Simpson",LAR,"0","0","0","0","0","0","0","0","0"
"360",11,"Robert Henry Jr.",WAS,"0","0","0","0","0","0","0","0","0"
"361",12,"Zach Ertz",FA,"101.4","0","0","50","504","4","0","0","0"
"362",12,"Zavier Scott",MIN,"32.2","0","0","14","98","1","32","114","0"
"363",12,"Elijah Higgins",ARI,"43.1","0","0","30","301","0","0","0","0"
"364",12,"Dameon Pierce",PHI,"3.6","0","0","0","0","0","14","36","0"
"365",12,"Will Kacmarek",MIA,"0","0","0","0","0","0","0","0","0"
"366",12,"Terrell Jennings",FA,"14.7","0","0","1","9","0","23","73","1"
"367",12,"Sione Vaki",DET,"0.4","0","0","0","0","0","1","4","0"
"368",12,"Anthony Richardson Sr.",IND,"1.7","9","0","1","9","0","4","-1","0"
"369",12,"Justin Fields",KC,"143.7","1259","7","0","0","0","71","383","4"
"370",12,"Jameis Winston",NYG,"44.8","567","2","1","33","1","7","23","1"
"371",12,"Joe Milton III",DAL,"12.3","183","1","0","0","0","5","50","0"
"372",12,"Tim Patrick",NYJ,"44.2","0","0","15","187","3","0","0","0"
"373",12,"Odell Beckham Jr.",NYG,"0","0","0","0","0","0","0","0","0"
"374",12,"Khalil Herbert",SF,"6.1","0","0","1","4","0","16","52","0"
"375",12,"Tommy Myers",FA,"0","0","0","0","0","0","0","0","0"
"376",12,"Tyler Goodson",ATL,"4.2","0","0","2","8","0","9","24","0"
"377",12,"Matt Hibner",BAL,"0","0","0","0","0","0","0","0","0"
"378",12,"Ty Chandler",NO,"7.3","0","0","3","11","0","17","47","0"
"379",12,"Antonio Gibson",FA,"22.2","0","0","2","6","0","25","106","1"
"380",12,"Ronnie Rivers",LAR,"4.6","0","0","0","0","0","9","46","0"
"381",12,"Jeremy McNichols",WAS,"60.2","0","0","25","196","0","44","221","1"
"382",12,"Hunter Luepke",DAL,"30.5","0","0","13","109","1","16","71","0"
"383",12,"Tanner Koziol",JAC,"0","0","0","0","0","0","0","0","0"
"384",12,"Noah Whittington",HOU,"0","0","0","0","0","0","0","0","0"
"385",12,"Marlin Klein",HOU,"0","0","0","0","0","0","0","0","0"
"386",12,"Josh Oliver",MIN,"47.5","0","0","15","160","4","0","0","0"
"387",12,"Jonnu Smith",FA,"66.2","0","0","38","222","2","9","70","1"
"388",12,"Jeremy Ruckert",NYJ,"35.4","0","0","23","179","1","0","0","0"
"389",12,"Dylan Laube",LV,"2.2","0","0","3","18","0","7","9","0"
"390",12,"Adam Trautman",DEN,"35.5","0","0","20","195","1","0","0","0"
"391",12,"Jackson Hawes",BUF,"44.7","0","0","16","187","3","0","0","0"
"392",12,"Mitch Tinsley",CIN,"27.6","0","0","8","116","2","0","0","0"
"393",12,"Luke Schoonmaker",DAL,"20.2","0","0","14","132","0","0","0","0"
"394",12,"Foster Moreau",HOU,"9.4","0","0","7","59","0","0","0","0"
"395",12,"Durham Smythe",BAL,"4.5","0","0","4","25","0","0","0","0"
"396",12,"Tai Felton",MIN,"4","0","0","3","25","0","0","0","0"
"397",12,"Van Jefferson",WAS,"55.5","0","0","29","350","1","0","0","0"
"398",12,"Reggie Gilliam",NE,"3.8","0","0","2","24","0","2","4","0"
"399",12,"Riley Leonard",IND,"32","415","2","0","-3","0","6","27","2"
"400",12,"Deion Burks",IND,"0","0","0","0","0","0","0","0","0"
"401",12,"Isaiah Williams",FA,"0","0","0","0","0","0","0","0","0"
"402",12,"Jahdae Walker",CHI,"23.7","0","0","6","87","2","0","0","0"
"403",12,"Dyami Brown",WAS,"39.7","0","0","20","227","1","6","30","0"
"404",12,"Jacob Cowing",SF,"0","0","0","0","0","0","0","0","0"
"405",12,"Jimmy Horn Jr.",CAR,"23.2","0","0","11","108","0","8","69","0"
"406",12,"KeAndre Lambert-Smith",LAC,"13.6","0","0","5","51","1","0","0","0"
"407",12,"Lil'Jordan Humphrey",DEN,"28.1","0","0","13","156","1","0","0","0"
"408",12,"Marquez Valdes-Scantling",DAL,"25","0","0","14","120","1","0","0","0"
"409",12,"Jalen Reagor",MIA,"0","0","0","0","0","0","0","0","0"
"410",12,"Xavier Restrepo",TEN,"5.6","0","0","3","41","0","0","0","0"
"411",12,"Miles Sanders",FA,"22.7","0","0","8","30","0","20","117","1"
"412",12,"Roman Hemby",LV,"0","0","0","0","0","0","0","0","0"
"413",12,"Sam Roush",CHI,"0","0","0","0","0","0","0","0","0"
"414",12,"Tyler Conklin",DET,"13.8","0","0","7","101","0","1","2","0"
"415",12,"Donovan Edwards",MIA,"0","0","0","0","0","0","0","0","0"
"416",12,"Jacob Saylors",DET,"1.1","0","0","0","0","0","2","11","0"
"417",12,"Jaydn Ott",KC,"0","0","0","0","0","0","0","0","0"
"418",12,"Frank Gore Jr.",BUF,"0","0","0","0","0","0","0","0","0"
"419",12,"Jaret Patterson",LAC,"24.2","0","0","3","8","0","41","159","1"
"420",12,"Travis Homer",PIT,"-0.2","0","0","0","0","0","1","-2","0"
"421",12,"Mo Alie-Cox",IND,"24.2","0","0","13","117","1","0","0","0"
"422",12,"Myles Montgomery",FA,"0","0","0","0","0","0","0","0","0"
"423",12,"Josh Cuevas",BAL,"0","0","0","0","0","0","0","0","0"
"424",12,"Cade Stover",HOU,"13.9","0","0","12","76","0","4","3","0"
"425",12,"Nate Boerkircher",JAC,"0","0","0","0","0","0","0","0","0"
"426",12,"Alec Ingold",LAC,"10.1","0","0","8","52","0","2","9","0"
"427",12,"Scotty Miller",CHI,"10.7","0","0","9","62","0","0","0","0"
"428",12,"Nate Adkins",DEN,"13.8","0","0","6","48","1","0","0","0"
"429",12,"Tanner Hudson",CIN,"38.3","0","0","19","168","2","0","0","0"
"430",12,"Elijah Mitchell",FA,"0","0","0","0","0","0","0","0","0"
"431",12,"Jake Bobo",SEA,"3","0","0","2","20","0","0","0","0"
"432",12,"Cedrick Wilson Jr.",DET,"6.9","0","0","5","44","0","0","0","0"
"433",12,"Max Bredeson",MIN,"0","0","0","0","0","0","0","0","0"
"434",12,"Xavier Smith",LAR,"39.3","0","0","18","303","0","0","0","0"
"435",12,"Patrick Ricard",NYG,"1.6","0","0","1","8","0","1","3","0"
"436",12,"Adam Prentice",DEN,"12.7","0","0","6","53","0","10","44","0"
"437",12,"Derius Davis",LAC,"0.5","0","0","2","10","0","2","5","0"
"438",12,"Michael Burton",CLE,"0","0","0","0","0","0","0","0","0"
"439",12,"British Brooks",HOU,"7.8","0","0","0","0","0","17","78","0"
"440",12,"Reggie Virgil",ARI,"0","0","0","0","0","0","0","0","0"
"441",12,"Marcus Mariota",WAS,"132.5","1695","10","0","0","0","50","297","1"
"442",12,"Noah Brown",LV,"10.8","0","0","5","83","0","0","0","0"
"443",12,"Cade Klubnik",NYJ,"0","0","0","0","0","0","0","0","0"
"444",12,"Joe Flacco",CIN,"156.7","2479","15","0","0","0","21","35","1"
"445",12,"Myles Price",MIN,"-6","0","0","0","0","0","0","0","0"
"446",12,"Jalen Brooks",ARI,"4.6","0","0","3","51","0","0","0","0"
"447",12,"Brycen Tremayne",CAR,"23","0","0","14","160","0","0","0","0"
"448",12,"Efton Chism III",NE,"15","0","0","3","75","1","0","0","0"
"449",12,"Tyrod Taylor",GB,"64.5","779","5","0","0","0","27","143","1"
"450",12,"Theo Wease Jr.",MIA,"22.9","0","0","6","139","1","0","0","0"
"451",12,"Justin Watson",HOU,"4.5","0","0","3","30","0","0","0","0"
"452",12,"Michael Woods II",DEN,"0","0","0","0","0","0","0","0","0"
"453",12,"Chris Blair",ATL,"0","0","0","0","0","0","0","0","0"
"454",12,"Taysom Hill",FA,"36.3","57","1","11","91","0","52","114","1"
"455",12,"Tyler Lockett",LV,"57.1","0","0","32","291","1","0","0","0"
"456",12,"DeAndre Hopkins",BAL,"56","0","0","22","330","2","0","0","0"
"457",12,"David Sills V",TB,"40.1","0","0","18","191","2","0","0","0"
"458",12,"Isaiah Williams",NYJ,"45.7","0","0","26","193","0","3","34","0"
"459",12,"Jelani Woods",NYJ,"2.9","0","0","1","4","0","0","0","0"
"460",13,"Michael Trigg",DAL,"0","0","0","0","0","0","0","0","0"
"461",13,"Moliki Matavao",NO,"2","0","0","2","10","0","0","0","0"
"462",13,"Jeshaun Jones",MIN,"0","0","0","0","0","0","0","0","0"
"463",13,"Miles Kitselman",FA,"0","0","0","0","0","0","0","0","0"
"464",13,"Jack Endries",CIN,"0","0","0","0","0","0","0","0","0"
"465",13,"Will Dissly",FA,"15.2","0","0","11","97","0","0","0","0"
"466",13,"Miles Davis",CAR,"0","0","0","0","0","0","0","0","0"
"467",13,"Khalil Dinkins",SF,"0","0","0","0","0","0","0","0","0"
"468",13,"Elijah Tau-Tolliver",BAL,"0","0","0","0","0","0","0","0","0"
"469",13,"Kalel Mullings",TEN,"0.7","0","0","0","0","0","3","7","0"
"470",13,"Drew Sample",CIN,"24.4","0","0","15","106","1","1","3","0"
"471",13,"Raheem Mostert",LV,"23.4","0","0","12","70","0","22","104","0"
"472",13,"Alexander Mattison",FA,"0","0","0","0","0","0","0","0","0"
"473",13,"Lew Nichols III",PIT,"0","0","0","0","0","0","0","0","0"
"474",13,"Ulysses Bentley IV",IND,"0","0","0","0","0","0","1","0","0"
"475",13,"Elijah Moore",PHI,"24.1","0","0","9","112","0","6","24","1"
"476",13,"Juice Wells Jr.",ATL,"0","0","0","0","0","0","0","0","0"
"477",13,"Ahmani Marshall",CLE,"0","0","0","0","0","0","0","0","0"
"478",13,"Nathan Carter",ATL,"4","0","0","0","0","0","9","60","0"
"479",13,"Cash Jones",ATL,"0","0","0","0","0","0","0","0","0"
"480",13,"Dohnte Meyers",CIN,"0","0","0","0","0","0","0","0","0"
"481",13,"Brock Wright",DET,"29.8","0","0","14","108","2","0","0","0"
"482",13,"Davis Allen",LAR,"50.8","0","0","24","208","3","0","0","0"
"483",13,"Payne Durham",TB,"1.6","0","0","1","11","0","0","0","0"
"484",13,"Cam Akers",FA,"7.2","32","1","0","0","0","5","19","0"
"485",13,"Tyler Badie",DEN,"25.9","0","0","19","141","0","8","23","0"
"486",13,"Ben Sims",MIA,"4.5","0","0","3","30","0","0","0","0"
"487",13,"Brandin Cooks",FA,"39.9","0","0","24","279","0","0","0","0"
"488",13,"Brevyn Spann-Ford",DAL,"19.5","0","0","9","90","1","0","0","0"
"489",13,"Anderson Castle",IND,"0","0","0","0","0","0","0","0","0"
"490",13,"Luke Farrell",SF,"24","0","0","11","85","2","0","0","0"
"491",13,"Kenny McIntosh",FA,"0","0","0","0","0","0","0","0","0"
"492",13,"Blake Whiteheart",CLE,"1.4","0","0","2","4","0","0","0","0"
"493",13,"Sincere McCormick",SF,"0","0","0","0","0","0","0","0","0"
"494",13,"Eric Gray",NYG,"0","0","0","0","0","0","0","0","0"
"495",13,"Raheem Blackshear",DET,"0","0","0","0","0","0","0","0","0"
"496",13,"Craig Reynolds",WAS,"0.4","0","0","0","0","0","3","4","0"
"497",13,"Jermar Jefferson",MIN,"0","0","0","0","0","0","0","0","0"
"498",13,"JaMycal Hasty",NE,"0","0","0","0","0","0","0","0","0"
"499",13,"Salvon Ahmed",CHI,"0","0","0","0","0","0","0","0","0"
"500",13,"Diontae Johnson",FA,"0","0","0","0","0","0","0","0","0"
"501",13,"Mecole Hardman Jr.",BUF,"-2","0","0","0","0","0","0","0","0"
"502",13,"Anthony Hankerson",SEA,"0","0","0","0","0","0","0","0","0"
"503",13,"JuJu Smith-Schuster",FA,"57","0","0","33","345","1","0","0","0"
"504",13,"Vinny Anthony II",ATL,"0","0","0","0","0","0","0","0","0"
"505",13,"Curtis Samuel",FA,"17.6","0","0","7","81","1","0","0","0"
"506",13,"Velus Jones Jr.",SEA,"3.2","0","0","0","0","0","4","32","0"
"507",13,"Jake Browning",TB,"56.7","771","6","0","0","0","9","39","1"
"508",13,"J. Michael Sturdivant",GB,"0","0","0","0","0","0","0","0","0"
"509",13,"Isaiah Hodgins",NYG,"22.5","0","0","10","115","1","0","0","0"
"510",13,"Montorie Foster Jr.",SEA,"0","0","0","0","0","0","0","0","0"
"511",13,"Michael Briscoe",MIN,"0","0","0","0","0","0","0","0","0"
"512",13,"Ricky White III",SEA,"0","0","0","0","0","0","0","0","0"
"513",13,"Owen Wright",HOU,"0.6","0","0","0","0","0","3","6","0"
"514",13,"Joshua Cephus",FA,"0","0","0","0","0","0","0","0","0"
"515",13,"Tahj Washington",MIA,"3.2","0","0","3","37","0","0","0","0"
"516",13,"Deontay Burnett",FA,"0","0","0","0","0","0","0","0","0"
"517",13,"Coleman Owen",IND,"0","0","0","0","0","0","0","0","0"
"518",13,"Jared Wayne",HOU,"3","0","0","2","20","0","0","0","0"
"519",13,"Josh Cameron",JAC,"0","0","0","0","0","0","0","0","0"
"520",13,"Maurice Alexander",CHI,"0","0","0","0","0","0","0","0","0"
"521",13,"Casey Washington",CAR,"12.4","0","0","6","94","0","0","0","0"
"522",13,"Bub Means",NO,"0","0","0","0","0","0","0","0","0"
"523",13,"Quentin Skinner",BUF,"1.5","0","0","1","10","0","0","0","0"
"524",13,"Mason Tipton",NO,"14.9","0","0","11","76","0","4","18","0"
"525",13,"Kendric Pryor",CIN,"0","0","0","0","0","0","0","0","0"
"526",13,"Kevin Austin Jr.",NO,"26.5","0","0","13","140","1","0","0","0"
"527",13,"Quinn Ewers",MIA,"35.7","622","3","1","-6","0","8","19","0"
"528",13,"Drake Dabney",GB,"0.8","0","0","1","3","0","0","0","0"
"529",13,"Gardner Minshew II",ARI,"0.7","37","0","0","0","0","6","2","0"
"530",13,"Jordan Watkins",SF,"3.6","0","0","2","26","0","0","0","0"
"531",13,"Tyson Bagent",CHI,"2.6","47","0","0","0","0","2","7","0"
"532",13,"Anthony Gould",IND,"1.6","0","0","2","6","0","0","0","0"
"533",13,"Michael Bandy",DEN,"11","0","0","4","50","1","0","0","0"
"534",13,"Jaheim Bell",PIT,"0","0","0","0","0","0","0","0","0"
"535",13,"Davis Mills",HOU,"69.6","915","5","0","0","0","13","60","1"
"536",13,"K.J. Osborn",TEN,"0","0","0","0","0","0","0","0","0"
"537",13,"Dominic Lovett",DET,"0","0","0","0","0","0","0","0","0"
"538",13,"Jonathan Mingo",DAL,"3","0","0","1","25","0","0","0","0"
"539",13,"DeeJay Dallas",JAC,"2.1","0","0","0","0","0","3","21","0"
"540",13,"Jermaine Burton",FA,"0","0","0","0","0","0","0","0","0"
"541",13,"Arian Smith",NYJ,"10","0","0","7","52","0","4","13","0"
"542",13,"Terrace Marshall Jr.",MIA,"0","0","0","0","0","0","0","0","0"
"543",13,"Spencer Rattler",NO,"103.6","1586","8","1","0","0","31","167","0"
"544",13,"Trey Lance",LAC,"14.5","226","0","0","0","0","17","85","0"
"545",13,"Skyy Moore",GB,"12.3","0","0","5","87","0","2","11","0"
"546",13,"Jalen Milroe",SEA,"-1.6","0","0","0","0","0","3","4","0"
"547",13,"Kameron Johnson",TB,"15.7","0","0","4","64","1","2","13","0"
"548",13,"Darius Cooper",PHI,"13.7","0","0","9","92","0","0","0","0"
"549",13,"Tyler Scott",LAR,"0","0","0","0","0","0","0","0","0"
"550",13,"Tyler Huntley",BAL,"40.1","426","2","0","0","0","24","151","0"
"551",13,"Drew Allar",PIT,"0","0","0","0","0","0","0","0","0"
"552",13,"Tyrell Shavers",BUF,"38","0","0","15","245","1","0","0","0"
"553",13,"Bauer Sharp",TB,"0","0","0","0","0","0","0","0","0"
"554",13,"Taylen Green",CLE,"0","0","0","0","0","0","0","0","0"
"555",13,"Nikko Remigio",KC,"3.7","0","0","1","21","0","1","11","0"
"556",13,"Josh Williams",TB,"1.1","0","0","0","0","0","4","11","0"
"557",13,"David Moore",CAR,"2.2","0","0","1","5","0","1","12","0"
"558",13,"Seydou Traore",MIA,"0","0","0","0","0","0","0","0","0"
"559",13,"Joe Royer",CLE,"0","0","0","0","0","0","0","0","0"
"560",13,"Ben Skowronek",PIT,"14.9","0","0","4","69","1","0","0","0"
"561",13,"Jared Wiley",KC,"0.9","0","0","1","4","0","0","0","0"
"562",13,"Thomas Fidone II",NYG,"0","0","0","0","0","0","0","0","0"
"563",13,"Josh Whyle",GB,"12.1","0","0","5","36","1","0","0","0"
"564",13,"Malachi Corley",CLE,"26.1","0","0","11","79","0","13","127","0"
"565",13,"Kaden Wetjen",PIT,"0","0","0","0","0","0","0","0","0"
"566",13,"Ian Thomas",LV,"17.9","0","0","13","114","0","0","0","0"
"567",14,"Gage Larvadain",CLE,"8.9","0","0","7","71","0","1","3","0"
"568",14,"Kene Nwangwu",NYJ,"10.9","0","0","0","0","0","13","49","0"
"569",14,"Jack Stoll",CLE,"13.6","0","0","6","46","1","0","0","0"
"570",14,"Dareke Young",LV,"5.8","0","0","2","48","0","0","0","0"
"571",14,"Devin Duvernay",ARI,"3.6","0","0","2","26","0","0","0","0"
"572",14,"Eric Saubert",SEA,"7.1","0","0","4","31","0","0","0","0"
"573",14,"Tip Reiman",ARI,"3.3","0","0","3","18","0","0","0","0"
"574",14,"Ke'Shawn Williams",CIN,"0","0","0","1","5","0","2","10","0"
"575",14,"Stone Smartt",PHI,"8.7","0","0","7","52","0","0","0","0"
"576",14,"Charlie Jones",CIN,"6","0","0","0","0","0","0","0","0"
"577",14,"Drew Ogletree",IND,"10.7","0","0","4","27","1","0","0","0"
"578",14,"Grant Calcaterra",PHI,"18.1","0","0","9","76","1","0","0","0"
"579",14,"Kylen Granson",TEN,"7.5","0","0","7","40","0","0","0","0"
"580",14,"Jake Briningstool",KC,"0","0","0","0","0","0","0","0","0"
"581",14,"Albert Okwuegbunam Jr.",LV,"6.1","0","0","5","36","0","0","0","0"
"582",14,"Teagan Quitoriano",ARI,"0","0","0","0","0","0","0","0","0"
"583",14,"Ben Yurosek",MIN,"2.4","0","0","2","14","0","0","0","0"
"584",14,"Bo Melton",GB,"22.2","0","0","4","107","1","5","35","0"
"585",14,"Britain Covey",PHI,"3","0","0","2","20","0","0","0","0"
"586",14,"Charlie Woerner",ATL,"8.8","0","0","8","48","0","0","0","0"
"587",14,"Will Mallory",IND,"2.1","0","0","1","16","0","0","0","0"
"588",14,"Lucas Krull",DEN,"2.5","0","0","2","15","0","0","0","0"
"589",14,"Julian Hill",NE,"23.5","0","0","15","140","0","0","0","0"
"590",14,"Brevin Jordan",HOU,"0","0","0","0","0","0","0","0","0"
"591",14,"Tanner Conner",NYG,"13.6","0","0","9","91","0","0","0","0"
"592",14,"Johnny Mundt",PHI,"15.6","0","0","9","111","0","0","0","0"
"593",14,"Brayden Willis",SF,"0","0","0","0","0","0","0","0","0"
"594",14,"David Martin-Robinson",TEN,"11","0","0","4","30","1","0","0","0"
"595",14,"Colson Yankoff",WAS,"2.8","0","0","2","18","0","0","0","0"
"596",14,"Devin Culp",TB,"7.1","0","0","1","6","1","0","0","0"
"597",14,"Gavin Bartholomew",MIN,"0","0","0","0","0","0","0","0","0"
"598",14,"CJ Dippre",NE,"0","0","0","0","0","0","0","0","0"
"599",14,"LaJohntay Wester",BAL,"-2","0","0","0","0","0","0","0","0"
"600",14,"Cameron Latu",PHI,"0","0","0","0","0","0","0","0","0"
"601",14,"Mason Kinsey",TEN,"5.8","0","0","2","48","0","0","0","0"
"602",14,"Hunter Long",JAC,"26.5","0","0","12","85","2","0","0","0"
"603",14,"Hayden Rucci",SF,"0","0","0","0","0","0","0","0","0"
"604",14,"Joel Wilson",TEN,"0","0","0","0","0","0","0","0","0"
"605",14,"Ko Kieft",TB,"0","0","0","0","0","0","0","0","0"
"606",14,"Cole Turner",MIA,"0","0","0","0","0","0","0","0","0"
"607",14,"Chris Manhertz",NYG,"1.2","0","0","1","7","0","0","0","0"
"608",14,"Ty Pezza",BAL,"0","0","0","0","0","0","0","0","0"
"609",14,"Carsen Ryan",CLE,"0","0","0","0","0","0","0","0","0"
"610",14,"Zach Horton",DET,"0","0","0","0","0","0","0","0","0"
"611",14,"Brenden Bates",CLE,"6.8","0","0","4","48","0","0","0","0"
"612",14,"Quintin Morris",JAC,"14.5","0","0","6","55","1","0","0","0"
"613",14,"Joshua Simon",ATL,"0","0","0","0","0","0","0","0","0"
"614",14,"Bryson Nesbit",MIN,"0","0","0","0","0","0","0","0","0"
"615",14,"Mario Williams",FA,"0","0","0","0","0","0","0","0","0"
"616",14,"Jack Velling",ATL,"0","0","0","0","0","0","0","0","0"
"617",14,"Josiah Deguara",SF,"9.6","0","0","3","21","1","0","0","0"
"618",14,"Rivaldo Fairweather",ARI,"0","0","0","0","0","0","0","0","0"
"619",14,"E.J. Jenkins",PHI,"0","0","0","0","0","0","0","0","0"
"620",14,"Jack Westover",NE,"0.5","0","0","1","0","0","0","0","0"
"621",14,"Princeton Fant",DAL,"0","0","0","0","0","0","0","0","0"
"622",14,"James Mitchell",CAR,"4.3","0","0","3","28","0","0","0","0"
"623",14,"Jamal Haynes",CIN,"0","0","0","0","0","0","0","0","0"
"624",14,"Cam Grandy",CIN,"1.7","0","0","2","7","0","0","0","0"
"625",14,"Lance Mason",PIT,"0","0","0","0","0","0","0","0","0"
"626",14,"Andrew Beck",NYJ,"20","0","0","6","45","2","1","5","0"
"627",14,"Tanner Arkin",NE,"0","0","0","0","0","0","0","0","0"
"628",14,"DJ Rogers",DAL,"0","0","0","0","0","0","0","0","0"
"629",14,"Nick Kallerup",SEA,"0","0","0","0","0","0","0","0","0"
"630",14,"Shane Zylstra",BUF,"3.5","0","0","3","20","0","0","0","0"
"631",14,"Lake McRee",PIT,"0","0","0","0","0","0","0","0","0"
"632",14,"Dean Connors",LAR,"0","0","0","0","0","0","0","0","0"
"633",14,"Lan Larison",NE,"0","0","0","0","0","0","0","0","0"
"634",14,"AJ Dillon",CAR,"7.6","0","0","3","21","0","12","60","0"
"635",14,"Kenny Fletcher Jr.",TB,"0","0","0","0","0","0","0","0","0"
"636",14,"Pharaoh Brown",IND,"1.1","0","0","2","1","0","0","0","0"
"637",14,"CJ Donaldson",NO,"0","0","0","0","0","0","0","0","0"
"638",14,"Dontae McMillan",BAL,"0","0","0","0","0","0","0","0","0"
"639",14,"Chris Myarick",LV,"0","0","0","0","0","0","0","0","0"
"640",14,"Pierre Strong Jr.",GB,"0","0","0","0","0","0","0","0","0"
"641",14,"Quentin Moore",WAS,"0","0","0","0","0","0","0","0","0"
"642",14,"Zaire Mitchell-Paden",NO,"2.7","0","0","2","17","0","0","0","0"
"643",14,"Chase Curtis",NYJ,"0","0","0","0","0","0","0","0","0"
"644",14,"Ameer Abdullah",JAC,"27.9","0","0","16","99","0","14","60","1"
"645",14,"Patrick Herbert",JAC,"0","0","0","0","0","0","0","0","0"
"646",14,"Chip Trayanum",NYJ,"0","0","0","0","0","0","0","0","0"
"647",14,"Messiah Swinson",GB,"0","0","0","0","0","0","0","0","0"
"648",14,"Connor Heyward",LV,"25.9","0","0","3","21","1","15","43","2"
"649",14,"Carter Runyon",LV,"0.8","0","0","1","3","0","0","0","0"
"650",14,"Keleki Latu",BUF,"5.5","0","0","4","35","0","0","0","0"
"651",14,"Kendrick Law",DET,"0","0","0","0","0","0","0","0","0"
"652",14,"Dae'Quan Wright",FA,"0","0","0","0","0","0","0","0","0"
"653",14,"Ja'Quinden Jackson",PHI,"0","0","0","0","0","0","0","0","0"
"654",14,"Treyton Welch",NO,"0","0","0","0","0","0","0","0","0"
"655",14,"Stephen Carlson",CHI,"0","0","0","0","0","0","0","0","0"
"656",14,"Michael Wortham",JAC,"0","0","0","0","0","0","0","0","0"
"657",14,"Evan Svoboda",LAC,"0","0","0","0","0","0","0","0","0"
"658",14,"Brittain Brown",CHI,"9.7","0","0","0","0","0","5","37","1"
"659",14,"Kentrel Bullock",CIN,"0","0","0","0","0","0","0","0","0"
"660",14,"Dallen Bentley",DEN,"0","0","0","0","0","0","0","0","0"
"661",14,"Cody Hardy",NO,"0","0","0","0","0","0","0","0","0"
"662",14,"Patrick Gurd",LV,"0","0","0","0","0","0","0","0","0"
"663",14,"Tyler Johnson",DAL,"31.7","0","0","12","197","1","0","0","0"
"664",14,"Mark Redman",LAR,"0","0","0","0","0","0","0","0","0"
"665",14,"Hassan Haskins",NE,"8","0","0","4","13","0","17","47","0"
"666",14,"Terion Stewart",KC,"0","0","0","0","0","0","0","0","0"
"667",14,"Dan Villari",LAR,"0","0","0","0","0","0","0","0","0"
"668",14,"Ray-Ray McCloud III",CHI,"10.4","0","0","7","69","0","0","0","0"
"669",14,"Gary Brightwell",CIN,"0","0","0","0","0","0","0","0","0"
"670",15,"Dylan Drummond",ATL,"7.7","0","0","7","42","0","0","0","0"
"671",15,"Johnny Pascuzzi",LAC,"0","0","0","0","0","0","0","0","0"
"672",15,"Desmond Reid",FA,"0","0","0","0","0","0","0","0","0"
"673",15,"Hayden Large",CHI,"0","0","0","0","0","0","0","0","0"
"674",15,"Rohan Jones",LAR,"0","0","0","0","0","0","0","0","0"
"675",15,"Gus Edwards",FA,"0","0","0","0","0","0","0","0","0"
"676",15,"Jeff Caldwell",KC,"0","0","0","0","0","0","0","0","0"
"677",15,"Amar Johnson",LAC,"0.8","0","0","0","0","0","2","8","0"
"678",15,"Ronnie Bell",NO,"9.3","0","0","2","23","1","0","0","0"
"679",15,"Josh Kattus",CIN,"0","0","0","0","0","0","0","0","0"
"680",15,"Zack Moss",FA,"0","0","0","0","0","0","0","0","0"
"681",15,"Davon Booth",CLE,"0","0","0","0","0","0","0","0","0"
"682",15,"EJ Smith",KC,"0","0","0","0","0","0","0","0","0"
"683",15,"Cody White",SEA,"16.5","0","0","3","90","1","0","0","0"
"684",15,"Shedrick Jackson",LV,"13.9","0","0","4","56","1","1","3","0"
"685",15,"Deven Thompkins",LV,"4.7","0","0","3","27","0","1","5","0"
"686",15,"Trey Sermon",ATL,"0","0","0","0","0","0","0","0","0"
"687",15,"Dante Pettis",BUF,"15.2","0","0","9","127","0","0","0","0"
"688",15,"Jeff Wilson Jr.",FA,"0","0","0","0","0","0","0","0","0"
"689",15,"Simi Fehoko",ARI,"0","0","0","0","0","0","0","0","0"
"690",15,"Royce Freeman",FA,"0","0","0","0","0","0","0","0","0"
"691",15,"Tylan Wallace",CLE,"12.5","0","0","4","45","1","0","0","0"
"692",15,"Xavier Weaver",ARI,"10.2","0","0","7","67","0","0","0","0"
"693",15,"Julius Chestnut",TEN,"4","0","0","0","0","0","11","40","0"
"694",15,"Nick Vannett",SEA,"0","0","0","0","0","0","0","0","0"
"695",15,"Tom Kennedy",DET,"5.6","0","0","4","36","0","0","0","0"
"696",15,"Trayveon Williams",DET,"13.1","0","0","8","55","0","10","36","0"
"697",15,"Cody Schrader",DEN,"0","0","0","0","0","0","0","0","0"
"698",15,"Jalin Hyatt",NYG,"6","0","0","5","35","0","0","0","0"
"699",15,"Jaden Nixon",GB,"0","0","0","0","0","0","0","0","0"
"700",15,"D'Onta Foreman",FA,"0","0","0","0","0","0","0","0","0"
"701",15,"Carlos Washington Jr.",MIA,"0","0","0","0","0","0","0","0","0"
"702",15,"Dare Ogunbowale",LV,"19.1","0","0","10","76","0","11","25","1"
"703",15,"Tay Martin",DET,"3.3","0","0","2","23","0","0","0","0"
"704",15,"Carson Steele",PHI,"0","0","0","0","0","0","0","0","0"
"705",15,"Zamir White",SF,"7.6","0","0","4","24","0","12","32","0"
"706",15,"Chris Moore",BAL,"33.1","0","0","11","207","1","1","9","0"
"707",15,"Laquon Treadwell",IND,"0","0","0","0","0","0","0","0","0"
"708",15,"Bryce Oliver",TEN,"1.3","0","0","1","8","0","0","0","0"
"709",15,"Gregory Desrosiers",LAC,"0","0","0","0","0","0","0","0","0"
"710",15,"Camden Brown",DAL,"0","0","0","0","0","0","0","0","0"
"711",15,"Evan Hull",ARI,"5.9","0","0","1","6","0","19","48","0"
"712",15,"Jason Brownlee",KC,"0","0","0","0","0","0","0","0","0"
"713",15,"Clyde Edwards-Helaire",FA,"3.2","0","0","2","9","0","7","13","0"
"714",15,"KhaDarel Hodge",SF,"4.6","0","0","3","31","0","0","0","0"
"715",15,"Myles Gaskin",FA,"0.6","0","0","0","0","0","3","6","0"
"716",15,"Darrynton Evans",FA,"0","0","0","0","0","0","0","0","0"
"717",15,"Sam Scott",FA,"0","0","0","0","0","0","0","0","0"
"718",15,"Tyrion Davis-Price",FA,"0","0","0","0","0","0","0","0","0"
"719",15,"Jashaun Corbin",DAL,"0","0","0","0","0","0","0","0","0"
"720",15,"Braxton Berrios",NYG,"6.7","0","0","6","37","0","0","0","0"
"721",15,"Alex Bachman",LAR,"2.2","0","0","2","12","0","0","0","0"
"722",15,"Gabe Davis",FA,"24.9","0","0","12","129","1","0","0","0"
"723",15,"Jimmy Holiday",KC,"0","0","0","0","0","0","0","0","0"
"724",15,"Samori Toure",PHI,"0.8","0","0","1","3","0","0","0","0"
"725",15,"D'Ernest Johnson",TEN,"2.5","0","0","0","0","0","14","25","0"
"726",15,"Jakobie Keeney-James",PIT,"2.5","0","0","2","15","0","0","0","0"
"727",15,"Trent Sherfield Sr.",BUF,"3.6","0","0","3","21","0","0","0","0"
"728",15,"Eli Pancol",IND,"0","0","0","0","0","0","0","0","0"
"729",15,"Zay Jones",HOU,"24.3","0","0","12","183","0","0","0","0"
"730",15,"Emmanuel Henderson Jr.",SEA,"0","0","0","0","0","0","0","0","0"
"731",15,"Dalevon Campbell",LAC,"0","0","0","0","0","0","0","0","0"
"732",15,"Xavier Gipson",NYG,"-2.4","0","0","2","6","0","0","0","0"
"733",15,"Tejhaun Palmer",NE,"0","0","0","0","0","0","0","0","0"
"734",15,"Andrew Armstrong",KC,"0","0","0","0","0","0","0","0","0"
"735",15,"Isaiah Neyor",GB,"0","0","0","0","0","0","0","0","0"
"736",15,"Raylen Sharpe",IND,"0","0","0","0","0","0","0","0","0"
"737",15,"Sederrick Cunningham",FA,"0","0","0","0","0","0","0","0","0"
"738",15,"Kye Robichaux",DET,"0","0","0","0","0","0","0","0","0"
"739",15,"Jacob De Jesus",KC,"0","0","0","0","0","0","0","0","0"
"740",15,"Jabari Small",DET,"0","0","0","0","0","0","0","0","0"
"741",15,"Sahmir Hagans",IND,"0","0","0","0","0","0","0","0","0"
"742",15,"Omari Kelly",CHI,"0","0","0","0","0","0","0","0","0"
"743",15,"Malik Turner",SF,"0","0","0","0","0","0","0","0","0"
"744",15,"Brennan Presley",LAR,"0","0","0","0","0","0","0","0","0"
"745",15,"Anthony Smith",DAL,"0","0","0","0","0","0","0","0","0"
"746",15,"Tru Edwards",LAR,"0","0","0","0","0","0","0","0","0"
"747",15,"Kaden Prather",GB,"0","0","0","0","0","0","0","0","0"
"748",15,"JP Richardson",CHI,"0","0","0","0","0","0","0","0","0"
"749",15,"John Michael Gyllenborg",KC,"0","0","0","0","0","0","0","0","0"
"750",15,"Lewis Bond",HOU,"0","0","0","0","0","0","0","0","0"
"751",15,"Nick Nash",WAS,"0","0","0","0","0","0","0","0","0"
"752",15,"Omari Evans",KC,"0","0","0","0","0","0","0","0","0"
"753",15,"Jordan Moore",CIN,"0","0","0","0","0","0","0","0","0"
"754",15,"Dalen Cambre",NYG,"0","0","0","0","0","0","0","0","0"
"755",15,"Xavier Loyd",KC,"0","0","0","0","0","0","0","0","0"
"756",15,"Jamari Thrash",CLE,"15.7","0","0","10","107","0","0","0","0"
"757",15,"Devonte Ross",LAC,"0","0","0","0","0","0","0","0","0"
"758",15,"Brandon Smith",PIT,"0","0","0","0","0","0","0","0","0"
"759",15,"Jarrett Stidham",DEN,"-0.1","0","0","0","0","0","1","-1","0"
"760",15,"Gunner Olszewski",NYG,"28.8","33","1","10","145","1","0","0","0"
"761",15,"Jamaal Pritchett",NYJ,"0","0","0","0","0","0","0","0","0"
"762",15,"Chris Hilton Jr.",GB,"0","0","0","0","0","0","0","0","0"
"763",15,"Jaden Bradley",WAS,"0","0","0","0","0","0","0","0","0"
"764",15,"Tyren Montgomery",TEN,"0","0","0","0","0","0","0","0","0"
"765",16,"Sincere Brown",LAC,"0","0","0","0","0","0","0","0","0"
"766",16,"Thomas Gordon",DET,"0","0","0","0","0","0","0","0","0"
"767",16,"Ryan Miller",NYG,"10.4","0","0","2","34","1","0","0","0"
"768",16,"Carson Towt",IND,"0","0","0","0","0","0","0","0","0"
"769",16,"Beaux Collins",ATL,"3.5","0","0","2","25","0","0","0","0"
"770",16,"Jordan Waters",LAR,"0","0","0","0","0","0","0","0","0"
"771",16,"Noah Thomas",CIN,"0","0","0","0","0","0","0","0","0"
"772",16,"Austin Trammell",JAC,"6.1","0","0","3","46","0","0","0","0"
"773",16,"Patrick Taylor Jr.",SF,"0","0","0","0","0","0","0","0","0"
"774",16,"Brandon Johnson",LV,"0","0","0","0","0","0","0","0","0"
"775",16,"Jacardia Wright",SEA,"2","0","0","0","0","0","5","20","0"
"776",16,"Josh Kelly",HOU,"0","0","0","0","0","0","0","0","0"
"777",16,"Donaven McCulley",MIA,"0","0","0","0","0","0","0","0","0"
"778",16,"Jameson Geers",ARI,"0","0","0","0","0","0","0","0","0"
"779",16,"Sean McKeon",IND,"0","0","0","0","0","0","0","0","0"
"780",16,"Dontae Fleming",MIN,"0","0","0","0","0","0","0","0","0"
"781",16,"Tim Jones",JAC,"2","0","0","1","15","0","0","0","0"
"782",16,"E.J. Williams Jr.",LV,"0","0","0","0","0","0","0","0","0"
"783",16,"Rashad Rochelle",SEA,"0","0","0","0","0","0","0","0","0"
"784",16,"Layne Pryor",HOU,"0","0","0","0","0","0","0","0","0"
"785",16,"Jaren Kanak",TEN,"0","0","0","0","0","0","0","0","0"
"786",16,"Hakeem Butler",DEN,"0","0","0","0","0","0","0","0","0"
"787",16,"Dillon Bell",MIN,"0","0","0","0","0","0","0","0","0"
"788",16,"Caleb Lohner",DEN,"0","0","0","0","0","0","0","0","0"
"789",16,"Corey Kiner",ARI,"8.3","0","0","2","15","0","12","58","0"
"790",16,"Eric Rivers Jr.",TB,"0","0","0","0","0","0","0","0","0"
"791",16,"Israel Abanikanda",DAL,"0","0","0","0","0","0","0","0","0"
"792",16,"Dane Key",DEN,"0","0","0","0","0","0","0","0","0"
"793",16,"Ethan Conner",FA,"0","0","0","0","0","0","0","0","0"
"794",16,"RJ Maryland",GB,"0","0","0","0","0","0","0","0","0"
"795",16,"Junior Bergen",NYJ,"0","0","0","0","0","0","0","0","0"
"796",16,"Dante Miller",NYG,"0","0","0","0","0","0","0","0","0"
"797",16,"Caullin Lacy",FA,"0","0","0","0","0","0","0","0","0"
"798",16,"Nikola Kalinic",CHI,"0","0","0","0","0","0","0","0","0"
"799",16,"Malik McClain",NYJ,"0","0","0","0","0","0","0","0","0"
"800",16,"AJ Henning",MIA,"0","0","0","0","0","0","0","0","0"
"801",16,"Stephen Gosnell",BUF,"0","0","0","0","0","0","0","0","0"
"802",16,"Trey Palmer",NO,"0","0","0","0","0","0","0","0","0"
"803",16,"Quez Watkins",PHI,"0","0","0","0","0","0","0","0","0"
"804",16,"Jordan Hudson",DAL,"0","0","0","0","0","0","0","0","0"
"805",16,"Chamon Metayer",FA,"0","0","0","0","0","0","0","0","0"
"806",16,"Danny Gray",PHI,"0","0","0","0","0","0","0","0","0"
"807",16,"Treyvhon Saunders",HOU,"0","0","0","0","0","0","0","0","0"
"808",16,"Dennis Houston",TB,"0","0","0","0","0","0","0","0","0"
"809",16,"Daniel Sobkowicz",HOU,"0","0","0","0","0","0","0","0","0"
"810",16,"Nick DeGennaro",NE,"0","0","0","0","0","0","0","0","0"
"811",16,"Coleman Bennett",FA,"0","0","0","0","0","0","0","0","0"
"812",16,"Wesley Grimes",SF,"0","0","0","0","0","0","0","0","0"
"813",16,"Cameron Dorner",NE,"0","0","0","0","0","0","0","0","0"
"814",16,"Joshua Pitsenberger",HOU,"0","0","0","0","0","0","0","0","0"
"815",16,"Kolbe Katsis",DEN,"0","0","0","0","0","0","0","0","0"
"816",16,"Dean Patterson IV",TB,"0","0","0","0","0","0","0","0","0"
"817",16,"Damon Bankston",NYG,"0","0","0","0","0","0","0","0","0"
"818",16,"Cameron Ross",DEN,"0","0","0","0","0","0","0","0","0"
"819",16,"Keelan Marion",ATL,"0","0","0","0","0","0","0","0","0"
"820",16,"Kendall Milton",CIN,"0.2","0","0","0","0","0","2","2","0"
"821",16,"Jackson Meeks",DET,"0","0","0","0","0","0","0","0","0"
"822",16,"Lucas Scott",BAL,"0","0","0","0","0","0","0","0","0"
"823",16,"Hank Beatty",TEN,"0","0","0","0","0","0","0","0","0"
"824",16,"Kobe Prentice",NE,"0","0","0","0","0","0","0","0","0"
"825",16,"Max Tomczak",BUF,"0","0","0","0","0","0","0","0","0"
"826",16,"Kyle Dixon",NE,"0","0","0","0","0","0","0","0","0"
"827",16,"Ja'Mori Maclin",BUF,"0","0","0","0","0","0","0","0","0"
"828",16,"Lance McCutcheon",TEN,"0","0","0","0","0","0","0","0","0"
"829",16,"Will Howard",PIT,"0","0","0","0","0","0","0","0","0"
"830",16,"Luke Floriea",CLE,"0","0","0","0","0","0","0","0","0"
"831",16,"Courtney Jackson",TEN,"0","0","0","0","0","0","0","0","0"
"832",16,"TJ Harden",FA,"0","0","0","0","0","0","0","0","0"
"833",16,"Johnny Wilson",PHI,"0","0","0","0","0","0","0","0","0"
"834",16,"Brock Rechsteiner",NO,"0","0","0","0","0","0","0","0","0"
"835",16,"Cornelius Johnson",BAL,"0","0","0","0","0","0","0","0","0"
"836",16,"Kole Wilson",CLE,"0","0","0","0","0","0","0","0","0"
"837",16,"Bryson Green",ARI,"0","0","0","0","0","0","0","0","0"
"838",16,"Chris Collier",LV,"0","0","0","0","0","0","0","0","0"
"839",16,"Xavier Guillory",BAL,"0","0","0","0","0","0","0","0","0"
"840",16,"Cortez Braham Jr.",BAL,"0","0","0","0","0","0","0","0","0"
"841",16,"Harrison Wallace III",ARI,"0","0","0","0","0","0","0","0","0"
"842",16,"Octavian Smith Jr.",BAL,"0","0","0","0","0","0","0","0","0"
"843",16,"Jackson Acker",FA,"0","0","0","0","0","0","0","0","0"
"844",16,"Irv Charles",SEA,"0","0","0","0","0","0","0","0","0"
"845",16,"Phillip Dorsett II",LV,"0","0","0","0","0","0","0","0","0"
"846",16,"Trenton Irwin",SF,"0","0","0","0","0","0","0","0","0"
"847",16,"Kenny Pickett",CAR,"9.7","188","1","0","0","0","5","22","0"
"848",16,"Ihmir Smith-Marsette",ARI,"0","0","0","0","0","0","0","0","0"
"849",16,"CJ Williams",JAC,"0","0","0","0","0","0","0","0","0"
"850",16,"Sterling Shepard",HOU,"62.5","0","0","39","371","1","4","19","0"
"851",16,"Josh Reynolds",FA,"17.6","0","0","11","101","0","0","0","0"
"852",16,"Russell Gage Jr.",FA,"0","0","0","0","0","0","0","0","0"
"853",16,"Jordan Akins",FA,"0","0","0","0","0","0","0","0","0"
"854",16,"Ainias Smith",FA,"0","0","0","0","0","0","0","0","0"
"855",16,"Brock Lampe",SEA,"0","0","0","0","0","0","0","0","0"
"856",16,"Devonte Boyd",FA,"0","0","0","0","0","0","0","0","0"
"857",16,"Irv Smith Jr.",FA,"0","0","0","0","0","0","0","0","0"
"858",16,"Harrison Bryant",FA,"1.7","0","0","2","7","0","0","0","0"
"859",16,"Montrell Johnson Jr.",FA,"0","0","0","0","0","0","0","0","0"
"860",16,"Chase Edmonds",WAS,"0","0","0","0","0","0","0","0","0"
"861",16,"Kadarius Toney",FA,"0","0","0","0","0","0","0","0","0"
"862",16,"Deon Jackson",FA,"0","0","0","0","0","0","0","0","0"
"863",16,"Luke Grimm",LAC,"0","0","0","0","0","0","0","0","0"
"864",16,"Elijah Dotson",FA,"0","0","0","0","0","0","0","0","0"
"865",16,"Le'Meke Brockington",FA,"0","0","0","0","0","0","0","0","0"
"866",16,"Avery Williams",FA,"0","0","0","0","0","0","0","0","0"
"867",16,"Mitchell Trubisky",TEN,"31.1","313","4","0","0","0","9","6","0"
"868",16,"Traeshon Holden",FA,"0","0","0","0","0","0","0","0","0"
"869",16,"Jordan Mims",FA,"0","0","0","0","0","0","0","0","0"
"870",16,"E.J. Horton Jr.",FA,"0","0","0","0","0","0","0","0","0"
"871",16,"Anthony Firkser",FA,"9.3","0","0","8","53","0","0","0","0"
"872",16,"Kenny Yeboah",FA,"0","0","0","0","0","0","0","0","0"
"873",16,"Luke Lachey",FA,"0","0","0","0","0","0","0","0","0"
"874",16,"Dominic Richardson",NYJ,"0","0","0","0","0","0","0","0","0"
"875",16,"Lincoln Pare",FA,"0","0","0","0","0","0","0","0","0"
"876",16,"Jeremiah Webb",NE,"0","0","0","0","0","0","0","0","0"
"877",16,"Brady Cook",NYJ,"35.5","739","2","0","0","0","13","49","0"
"878",16,"Carson Wentz",MIN,"75.3","1216","6","0","0","0","11","57","0"
"879",16,"Will Levis",TEN,"0","0","0","0","0","0","0","0","0"
"880",16,"Quali Conley",FA,"0","0","0","0","0","0","0","0","0"
"881",16,"Kyron Hudson",FA,"0","0","0","0","0","0","0","0","0"
"882",16,"Sam Howell",DAL,"0","0","0","0","0","0","0","0","0"
"883",16,"Nick Boyle",FA,"0","0","0","0","0","0","0","0","0"
"884",16,"Hunter Renfrow",FA,"28.4","0","0","15","89","2","0","0","0"
"885",16,"Mante Morrow",FA,"0","0","0","0","0","0","0","0","0"
"886",16,"Noah Togiai",FA,"0","0","0","0","0","0","0","0","0"
"887",16,"Marcedes Lewis",FA,"0","0","0","0","0","0","0","0","0"
"888",16,"Jase McClellan",FA,"0","0","0","0","0","0","0","0","0"
"889",16,"Omarius Hines",FA,"0","0","0","0","0","0","0","0","0"
"890",16,"DT Sheffield",FA,"0","0","0","0","0","0","0","0","0"
"891",16,"Riley Nowakowski",PIT,"0","0","0","0","0","0","0","0","0"
"892",16,"Blake Watson",FA,"0","0","0","0","0","0","0","0","0"
"893",16,"Jonathan Ward",BAL,"0","0","0","0","0","0","0","0","0"
"894",16,"Dale Moss",FA,"0","0","0","0","0","0","0","0","0"
"895",16,"Kevin Harris",FA,"0","0","0","0","0","0","0","0","0"
"896",16,"Graig Cooper",FA,"0","0","0","0","0","0","0","0","0"
"897",16,"Logan Thomas",FA,"0","0","0","0","0","0","0","0","0"
"898",16,"Anthony McFarland Jr.",FA,"0","0","0","0","0","0","0","0","0"
"899",16,"Dan Chisena",CAR,"0","0","0","0","0","0","0","0","0"
"900",16,"Malik Taylor",FA,"0","0","0","0","0","0","0","0","0"
"901",16,"Bisi Johnson",FA,"0","0","0","0","0","0","0","0","0"
"902",16,"Jonathan Williams",FA,"0","0","0","0","0","0","0","0","0"
"903",16,"Jalen Walthall",FA,"0","0","0","0","0","0","0","0","0"
"904",16,"John Hurst",FA,"0","0","0","0","0","0","0","0","0"
"905",16,"Nick Bawden",FA,"0","0","0","0","0","0","0","0","0"
"906",16,"Wendell Smallwood",FA,"0","0","0","0","0","0","0","0","0"
"907",16,"Kejon Owens",FA,"0","0","0","0","0","0","0","0","0"
"908",16,"Jonathan Brady",FA,"0","0","0","0","0","0","0","0","0"
"909",16,"Chris Evans",FA,"0","0","0","0","0","0","0","0","0"
"910",16,"Ross Dwelley",FA,"1.7","0","0","2","7","0","0","0","0"
"911",16,"Ryan Griffin",FA,"0","0","0","0","0","0","0","0","0"
"912",16,"Jimmy Kibble",NE,"0","0","0","0","0","0","0","0","0"
"913",16,"Tucker Fisk",FA,"2.9","0","0","2","19","0","0","0","0"
"914",16,"Geoff Swaim",FA,"0","0","0","0","0","0","0","0","0"
"915",16,"Jesper Horsted",FA,"0","0","0","0","0","0","0","0","0"
"916",16,"Michael Jacobson",FA,"0","0","0","0","0","0","0","0","0"
"917",16,"Brenden Rice",FA,"0","0","0","0","0","0","0","0","0"
"918",16,"Colton Dowell",FA,"0","0","0","0","0","0","0","0","0"
"919",16,"Tyler Davis",FA,"0","0","0","0","0","0","0","0","0"
"920",16,"Nelson Agholor",FA,"0","0","0","0","0","0","0","0","0"
"921",16,"Brycen Hopkins",FA,"0","0","0","0","0","0","0","0","0"
"922",16,"Curtis Hodges",FA,"0","0","0","0","0","0","0","0","0"
"923",16,"DeAndre Carter",FA,"0","0","0","0","0","0","0","0","0"
"924",16,"Gerald Everett",FA,"0","0","0","0","0","0","0","0","0"
"925",16,"Marquez Callaway",FA,"0","0","0","0","0","0","0","0","0"
"926",16,"Mitchell Wilcox",FA,"0","0","0","0","0","0","0","0","0"
"927",16,"Peyton Hendershot",FA,"0","0","0","0","0","0","0","0","0"
"928",16,"Dee Eskridge",FA,"6.2","0","0","4","62","0","0","0","0"
"929",16,"Zach Gentry",FA,"0","0","0","0","0","0","0","0","0"
"930",16,"Allen Lazard",FA,"18","0","0","10","70","1","0","0","0"
"931",16,"Anthony Schwartz",FA,"0","0","0","0","0","0","0","0","0"
"932",16,"Brandon Powell",FA,"0","0","0","0","0","0","0","0","0"
"933",16,"Byron Pringle",FA,"0","0","0","0","0","0","0","0","0"
"934",16,"Cody Thompson",FA,"0","0","0","0","0","0","0","0","0"
"935",16,"Daurice Fountain",FA,"0","0","0","0","0","0","0","0","0"
"936",16,"Equanimeous St. Brown",FA,"0","0","0","0","0","0","0","0","0"
"937",16,"Isaiah McKenzie",FA,"0","0","0","0","0","0","0","0","0"
"938",16,"Jalen Guyton",FA,"0","0","0","0","0","0","0","0","0"
"939",16,"James Proche II",FA,"9.5","0","0","6","65","0","0","0","0"
"940",16,"Javon Baker",FA,"0","0","0","0","0","0","0","0","0"
"941",16,"Justin Shorter",LV,"0","0","0","0","0","0","0","0","0"
"942",16,"Laviska Shenault Jr.",FA,"0","0","0","0","0","0","0","0","0"
"943",16,"Rakim Jarrett",FA,"0","0","0","0","0","0","0","0","0"
"944",16,"Trishton Jackson",FA,"0","0","0","0","0","0","0","0","0"
"945",16,"Zach Pascal",FA,"0","0","0","0","0","0","0","0","0"
"946",16,"Ross Travis",FA,"0","0","0","0","0","0","0","0","0"