Player,,Rank,TA Tier,Position,,
Josh Allen,113.45,QB 1,1,QB,,
Drake Maye,77.93,QB 2,1,QB,,
Lamar Jackson,67.86,QB 3,1,QB,,
Joe Burrow,51.94,QB 4,2,QB,,
Jalen Hurts,38.25,QB 5,2,QB,,
Jayden Daniels,29.63,QB 6,2,QB,,
Brock Purdy,25.92,QB 7,3,QB,,
Dak Prescott,21.39,QB 8,3,QB,,
Caleb Williams,18.84,QB 9,3,QB,,
Jaxson Dart,17.84,QB 10,3,QB,,
Trevor Lawrence,17.55,QB 11,3,QB,,
Patrick Mahomes,16.01,QB 12,3,QB,,
Bo Nix,7.18,QB 13,3,QB,,
Jared Goff,5.76,QB 14,3,QB,,
Matthew Stafford,4.25,QB 15,3,QB,,
Justin Herbert,2.07,QB 16,3,QB,,
Kyler Murray,-8.89,QB 17,4,QB,,
Baker Mayfield,-15.35,QB 18,4,QB,,
Malik Willis,-21.39,QB 19,4,QB,,
Jordan Love,-26.09,QB 20,4,QB,,
Tyler Shough,-37.04,QB 21,4,QB,,
C.J. Stroud,-37.74,QB 22,4,QB,,
Daniel Jones,-44.02,QB 23,4,QB,,
Sam Darnold,-46.45,QB 24,4,QB,,
Jahmyr Gibbs,174.18,RB 1,1,RB,,
Bijan Robinson,173.18,RB 2,1,RB,,
Christian McCaffrey,159.11,RB 3,2,RB,,
Jonathan Taylor,145.13,RB 4,2,RB,,
James Cook,115.21,RB 5,2,RB,,
De'Von Achane,114.35,RB 6,2,RB,,
Chase Brown,113.80,RB 7,2,RB,,
Derrick Henry,107.51,RB 8,2,RB,,
Saquon Barkley,102.09,RB 9,3,RB,,
Omarion Hampton,101.32,RB 10,3,RB,,
Ashton Jeanty,101.31,RB 11,3,RB,,
Kenneth Walker,98.57,RB 12,3,RB,,
Javonte Williams,96.59,RB 13,3,RB,,
Cam Skattebo,93.88,RB 14,3,RB,,
Kyren Williams,92.68,RB 15,3,RB,,
Breece Hall,90.61,RB 16,3,RB,,
Josh Jacobs,90.09,RB 17,3,RB,,
Jeremiyah Love,86.63,RB 18,3,RB,,
Travis Etienne,80.22,RB 19,4,RB,,
David Montgomery,75.61,RB 20,4,RB,,
TreVeyon Henderson,67.39,RB 21,4,RB,,
Rhamondre Stevenson,66.10,RB 22,4,RB,,
Quinshon Judkins,66.05,RB 23,4,RB,,
Jadarian Price,61.93,RB 24,4,RB,,
Kenneth Gainwell,60.32,RB 25,4,RB,,
Tony Pollard,59.76,RB 26,4,RB,,
D'Andre Swift,58.86,RB 27,4,RB,,
Chuba Hubbard,53.81,RB 28,4,RB,,
Bhayshul Tuten,51.97,RB 29,4,RB,,
Bucky Irving,51.82,RB 30,4,RB,,
Rico Dowdle,49.71,RB 31,5,RB,,
RJ Harvey,47.72,RB 32,5,RB,,
Jaylen Warren,47.23,RB 33,5,RB,,
Kyle Monangai,32.97,RB 34,5,RB,,
Jordan Mason,20.70,RB 35,5,RB,,
Blake Corum,20.62,RB 36,5,RB,,
Aaron Jones,19.59,RB 37,5,RB,,
Emanuel Wilson,16.59,RB 38,5,RB,,
Rachaad White,14.08,RB 39,5,RB,,
Jacory Croskey-Merritt,13.83,RB 40,5,RB,,
Chris Rodriguez,12.48,RB 41,5,RB,,
J.K. Dobbins,11.12,RB 42,5,RB,,
Jonathon Brooks,10.68,RB 43,5,RB,,
Isiah Pacheco,0.00,RB 44,5,RB,,
Alvin Kamara,-1.94,RB 45,5,RB,,
Braelon Allen,-10.26,RB 46,5,RB,,
Justice Hill,-11.08,RB 47,5,RB,,
Dylan Sampson,-12.25,RB 48,5,RB,,
Jaxon Smith-Njigba,209.94,WR 1,1,WR,,
Ja’Marr Chase,208.59,WR 2,1,WR,,
Puka Nacua,198.66,WR 3,1,WR,,
Amon-Ra St. Brown,172.91,WR 4,2,WR,,
George Pickens,142.23,WR 5,2,WR,,
Drake London,138.58,WR 6,2,WR,,
Justin Jefferson,132.96,WR 7,2,WR,,
CeeDee Lamb,132.96,WR 8,2,WR,,
A.J. Brown,130.72,WR 9,2,WR,,
Nico Collins,122.20,WR 10,2,WR,,
Tee Higgins,120.04,WR 11,3,WR,,
Tetairoa McMillan,117.57,WR 12,3,WR,,
Zay Flowers,114.54,WR 13,3,WR,,
Jaylen Waddle,110.52,WR 14,3,WR,,
Terry McLaurin,110.11,WR 15,3,WR,,
DeVonta Smith,107.83,WR 16,3,WR,,
Rashee Rice,106.78,WR 17,3,WR,,
Ladd McConkey,104.49,WR 18,3,WR,,
Chris Olave,102.83,WR 19,3,WR,,
Luther Burden,101.80,WR 20,3,WR,,
Mike Evans,101.39,WR 21,3,WR,,
Davante Adams,99.53,WR 22,3,WR,,
Garrett Wilson,98.86,WR 23,3,WR,,
Emeka Egbuka,97.41,WR 24,3,WR,,
Carnell Tate,96.41,WR 25,3,WR,,
DJ Moore,95.61,WR 26,3,WR,,
Jameson Williams,93.75,WR 27,3,WR,,
Christian Watson,90.25,WR 28,3,WR,,
Rome Odunze,83.75,WR 29,4,WR,,
Alec Pierce,82.31,WR 30,4,WR,,
Parker Washington,81.82,WR 31,4,WR,,
Courtland Sutton,80.14,WR 32,4,WR,,
Makai Lemon,79.12,WR 33,4,WR,,
Jordan Addison,78.25,WR 34,4,WR,,
Marvin Harrison,77.40,WR 35,4,WR,,
Jordyn Tyson,73.42,WR 36,4,WR,,
DK Metcalf,72.63,WR 37,4,WR,,
Michael Pittman,71.07,WR 38,4,WR,,
Quentin Johnston,68.94,WR 39,4,WR,,
Ricky Pearsall,63.33,WR 40,5,WR,,
Wan'Dale Robinson,61.81,WR 41,5,WR,,
Jayden Reed,58.71,WR 42,5,WR,,
Josh Downs,58.47,WR 43,5,WR,,
Malik Nabers,56.78,WR 44,5,WR,,
Brian Thomas,56.04,WR 45,5,WR,,
Jakobi Meyers,55.43,WR 46,5,WR,,
Jayden Higgins,54.39,WR 47,5,WR,,
Chris Godwin,54.28,WR 48,5,WR,,
Xavier Worthy,51.73,WR 49,5,WR,,
Michael Wilson,46.74,WR 50,5,WR,,
Colston Loveland,115.63,TE 1,1,TE,,
Brock Bowers,111.34,TE 2,1,TE,,
Trey McBride,105.86,TE 3,1,TE,,
Tyler Warren,90.43,TE 4,2,TE,,
Sam LaPorta,78.01,TE 5,2,TE,,
George Kittle,77.18,TE 6,2,TE,,
Harold Fannin,76.13,TE 7,2,TE,,
Tucker Kraft,75.24,TE 8,2,TE,,
Isaiah Likely,71.01,TE 9,2,TE,,
Travis Kelce,69.82,TE 10,2,TE,,
Kyle Pitts,63.35,TE 11,2,TE,,
Dalton Kincaid,59.57,TE 12,3,TE,,
Jake Ferguson,57.65,TE 13,3,TE,,
Mark Andrews,50.90,TE 14,3,TE,,
Hunter Henry,50.28,TE 15,3,TE,,
T.J. Hockenson,44.38,TE 16,3,TE,,
Chig Okonkwo,44.08,TE 17,3,TE,,
Dalton Schultz,42.57,TE 18,3,TE,,
Dallas Goedert,36.24,TE 19,3,TE,,
Greg Dulcich,32.78,TE 20,4,TE,,
Pat Freiermuth,31.18,TE 21,4,TE,,
Brenton Strange,25.52,TE 22,4,TE,,
Juwan Johnson,22.94,TE 23,4,TE,,
Terrance Ferguson,21.61,TE 24,4,TE,,
Oronde Gadsden,19.89,TE 25,4,TE,,